id,category,original_question,original_answer,mcq_question,option_a,option_b,option_c,option_d,answer
patient_07_11,,"Please answer the question below about the following patient: ID patient_07, Name: Linda Mayer, Birthday: 1948-12-01 00:00:00, Diagnosis: Breast carcinoma

<question>
Considering Mrs. Mayer's medications that were present in 2019 and 2021, which drug's dosing frequency was reduced in the second regimen, likely indicating a clinical improvement?
</question>

<options>
Aspirin
Simvastatin
Pantoprazole
Prednisolone
Acyclovir
</options>
You should first think step by step. Then give your final answer exactly as it appears in the options. Your output should be in the following format: 
<thinking> {{YOUR_THOUGHT_PROCESS}} </thinking> 

<answer>
{YOUR_ANSWER}
</answer>",Prednisolone,"Considering Mrs. Mayer's medications that were present in 2019 and 2021, which drug's dosing frequency was reduced in the second regimen, likely indicating a clinical improvement?",Aspirin,Simvastatin,Pantoprazole,Prednisolone,D
patient_10_1,,"Please answer the question below about the following patient: ID patient_10, Name: Peter Rudolph, Birthday: 05/26/1954, Diagnosis: Renal cell carcinoma

<question>
What procedure was performed on Mr. Rudolph in 2010?
</question>

<options>
Laparoscopic cholecystectomy
pTCA stenting
Tonsillectomy
Ureterorenoscopy
Nephroureterectomy
</options>
You should first think step by step. Then give your final answer exactly as it appears in the options. Your output should be in the following format: 
<thinking> {{YOUR_THOUGHT_PROCESS}} </thinking> 

<answer>
{YOUR_ANSWER}
</answer>",pTCA stenting,What procedure was performed on Mr. Rudolph in 2010?,Laparoscopic cholecystectomy,pTCA stenting,Tonsillectomy,Ureterorenoscopy,B
patient_02_2,,"Please answer the question below about the following patient: ID patient_02, Name: Jane Done, Birthday: 1966-01-01 00:00:00, Diagnosis: Melanoma

<question>
Where did Mrs. Done show metastases?
</question>

<options>
brain, lungs, liver, heart, lymph nodes, muscles, bones
cerebellum, liver, pancreas, lungs, bones
bones, skin, adrenals, lungs, brain, bladder
lunga, liver, lymphnodes, muscles, bones
brain, lymph nodes, lungs, liver, muscles, bones
</options>
You should first think step by step. Then give your final answer exactly as it appears in the options. Your output should be in the following format: 
<thinking> {{YOUR_THOUGHT_PROCESS}} </thinking> 

<answer>
{YOUR_ANSWER}
</answer>","brain, lungs, liver, heart, lymph nodes, muscles, bones",Where did Mrs. Done show metastases?,"brain, lungs, liver, heart, lymph nodes, muscles, bones","cerebellum, liver, pancreas, lungs, bones","bones, skin, adrenals, lungs, brain, bladder","lunga, liver, lymphnodes, muscles, bones",A
patient_09_12,,"Please answer the question below about the following patient: ID patient_09, Name: Paul Wells, Birthday: 1953-02-04 00:00:00, Diagnosis: Hepatocellular carcinoma

<question>
Which diagnostic procedure was conducted first for Mr. Wells after his admission on 07/26/2019?
</question>

<options>
CT Chest/Abdomen/Pelvis
MRI of the Liver
Ultrasound-guided Liver Puncture
Gastroscopy
Colonoscopy
</options>
You should first think step by step. Then give your final answer exactly as it appears in the options. Your output should be in the following format: 
<thinking> {{YOUR_THOUGHT_PROCESS}} </thinking> 

<answer>
{YOUR_ANSWER}
</answer>",Ultrasound-guided Liver Puncture,Which diagnostic procedure was conducted first for Mr. Wells after his admission on 07/26/2019?,CT Chest/Abdomen/Pelvis,MRI of the Liver,Ultrasound-guided Liver Puncture,Gastroscopy,C
patient_08_4,,"Please answer the question below about the following patient: ID patient_08, Name: Laura Miller, Birthday: 1967-03-04 00:00:00, Diagnosis: Liver cirrhosis

<question>
What imaging was performed on Laura Miller on 06/13/2020?
</question>

<options>
MRI of the spine
CT Thorax/Abdomen/Pelvis
X-ray of the thoracic spine
Spine-whole in 2 planes
CT of the spine
</options>
You should first think step by step. Then give your final answer exactly as it appears in the options. Your output should be in the following format: 
<thinking> {{YOUR_THOUGHT_PROCESS}} </thinking> 

<answer>
{YOUR_ANSWER}
</answer>",Spine-whole in 2 planes,What imaging was performed on Laura Miller on 06/13/2020?,MRI of the spine,CT Thorax/Abdomen/Pelvis,X-ray of the thoracic spine,Spine-whole in 2 planes,D
patient_05_12,,"Please answer the question below about the following patient: ID patient_05, Name: John Miller, Birthday: 1961-07-04 00:00:00, Diagnosis: Cerebral glioblastoma

<question>
Which imaging modality was scheduled for Mr. John Miller on 06/02/2021?
</question>

<options>
PET scan
Ultrasound
MRI
CT scan
X-ray
</options>
You should first think step by step. Then give your final answer exactly as it appears in the options. Your output should be in the following format: 
<thinking> {{YOUR_THOUGHT_PROCESS}} </thinking> 

<answer>
{YOUR_ANSWER}
</answer>",MRI,Which imaging modality was scheduled for Mr. John Miller on 06/02/2021?,PET scan,Ultrasound,MRI,CT scan,C
patient_05_17,,"Please answer the question below about the following patient: ID patient_05, Name: John Miller, Birthday: 1961-07-04 00:00:00, Diagnosis: Cerebral glioblastoma

<question>
Regarding Mr. Miller, based on the pathology report from 07/26/2023, which of the following findings was NOT present in the liquid sample?
</question>

<options>
IDH mutation (R132H)
ATRX: preservation of nuclear expression
p53: technically not evaluable
MGMT promoter: Non-methylated
CDKN2A/B: Deleted
</options>
You should first think step by step. Then give your final answer exactly as it appears in the options. Your output should be in the following format: 
<thinking> {{YOUR_THOUGHT_PROCESS}} </thinking> 

<answer>
{YOUR_ANSWER}
</answer>",MGMT promoter: Non-methylated,"Regarding Mr. Miller, based on the pathology report from 07/26/2023, which of the following findings was NOT present in the liquid sample?",IDH mutation (R132H),ATRX: preservation of nuclear expression,p53: technically not evaluable,MGMT promoter: Non-methylated,D
patient_10_7,,"Please answer the question below about the following patient: ID patient_10, Name: Peter Rudolph, Birthday: 05/26/1954, Diagnosis: Renal cell carcinoma

<question>
What pathological finding was indicated in Mr. Rudolph's internal cytological report?
</question>

<options>
Benign Urothelial Proliferation
Altered nuclear plasma ratios
Inflammation
Necrosis
Fibrosis
</options>
You should first think step by step. Then give your final answer exactly as it appears in the options. Your output should be in the following format: 
<thinking> {{YOUR_THOUGHT_PROCESS}} </thinking> 

<answer>
{YOUR_ANSWER}
</answer>",Altered nuclear plasma ratios,What pathological finding was indicated in Mr. Rudolph's internal cytological report?,Benign Urothelial Proliferation,Altered nuclear plasma ratios,Inflammation,Necrosis,B
patient_03_18,,"Please answer the question below about the following patient: ID patient_03, Name: Mr. John Williams, Birthday: 1956-08-08 00:00:00, Diagnosis: Multiple Myeloma

<question>
According to the FISH results from the histological findings in 03/2015, which of the following was detected in Mr. Williams?
</question>

<options>
Only one trisomy or tetrasomy 9
Presence of five trisomy or tetrasomy 9
No additional signals for CCND1
No additional signals for 5p15- and 5q31-
45, XY with a detected ASxL1 mutation
</options>
You should first think step by step. Then give your final answer exactly as it appears in the options. Your output should be in the following format: 
<thinking> {{YOUR_THOUGHT_PROCESS}} </thinking> 

<answer>
{YOUR_ANSWER}
</answer>",Only one trisomy or tetrasomy 9,"According to the FISH results from the histological findings in 03/2015, which of the following was detected in Mr. Williams?",Only one trisomy or tetrasomy 9,Presence of five trisomy or tetrasomy 9,No additional signals for CCND1,No additional signals for 5p15- and 5q31-,A
patient_05_13,,"Please answer the question below about the following patient: ID patient_05, Name: John Miller, Birthday: 1961-07-04 00:00:00, Diagnosis: Cerebral glioblastoma

<question>
Which of the following medications was NOT mentioned in Mr. Miller's report on admission in 2019?
</question>

<options>
Lacosamide 100 mg/1 pc
Lorazepam 0.5 mg/1 pc
Levothyroxine sodium 50 μg/1 pc
Acetaminophen 500 mg
Sertraline 50 mg
</options>
You should first think step by step. Then give your final answer exactly as it appears in the options. Your output should be in the following format: 
<thinking> {{YOUR_THOUGHT_PROCESS}} </thinking> 

<answer>
{YOUR_ANSWER}
</answer>",Acetaminophen 500 mg,Which of the following medications was NOT mentioned in Mr. Miller's report on admission in 2019?,Lacosamide 100 mg/1 pc,Lorazepam 0.5 mg/1 pc,Levothyroxine sodium 50 μg/1 pc,Acetaminophen 500 mg,D
patient_01_6,,"Please answer the question below about the following patient: ID patient_01, Name: Anna Sample, Birthday: 1970-01-01 00:00:00, Diagnosis: DLBCL

<question>
On 01/09/2017, Mrs. Sample received a CT scan of her whole body. What kind of contrast agent was used?
</question>

<options>
Omnipaque 320
Imeron 400
Optiray 320
Gadovist
Xenetix 350
</options>
You should first think step by step. Then give your final answer exactly as it appears in the options. Your output should be in the following format: 
<thinking> {{YOUR_THOUGHT_PROCESS}} </thinking> 

<answer>
{YOUR_ANSWER}
</answer>",Omnipaque 320,"On 01/09/2017, Mrs. Sample received a CT scan of her whole body. What kind of contrast agent was used?",Omnipaque 320,Imeron 400,Optiray 320,Gadovist,A
patient_04_10,,"Please answer the question below about the following patient: ID patient_04, Name: Jill Anderson, Birthday: 1975-07-06 00:00:00, Diagnosis: Pancreatic cancer

<question>
Which of the following statements regarding Mrs. Anderson's chemotherapy is accurate?
</question>

<options>
She underwent FOLFIRINOX as neoadjuvant chemotherapy for 5 cycles.
Gemcitabine/nab-paclitaxel was started in 07/22 after surgery.
She underwent 4 cycles of gemcitabine/nab-paclitaxel from 02/22 to 06/22.
FOLFIRINOX was given as an adjuvant therapy post-surgery.
Gemcitabine mono was provided from 01/23 to 04/23 for 5 cycles.
</options>
You should first think step by step. Then give your final answer exactly as it appears in the options. Your output should be in the following format: 
<thinking> {{YOUR_THOUGHT_PROCESS}} </thinking> 

<answer>
{YOUR_ANSWER}
</answer>",Gemcitabine/nab-paclitaxel was started in 07/22 after surgery.,Which of the following statements regarding Mrs. Anderson's chemotherapy is accurate?,She underwent FOLFIRINOX as neoadjuvant chemotherapy for 5 cycles.,Gemcitabine/nab-paclitaxel was started in 07/22 after surgery.,She underwent 4 cycles of gemcitabine/nab-paclitaxel from 02/22 to 06/22.,FOLFIRINOX was given as an adjuvant therapy post-surgery.,B
patient_06_6,,"Please answer the question below about the following patient: ID patient_06, Name: Paul Doe, Birthday: 1965-08-08 00:00:00, Diagnosis: Hypopharynx carcinoma

<question>
What was the result of Mr. Doe's Creatinine lab test?
</question>

<options>
1.2 mg/dL
0.97 mg/dL
1.27 mg/dL
1.32 mg/dL
1.72 mg/dL
</options>
You should first think step by step. Then give your final answer exactly as it appears in the options. Your output should be in the following format: 
<thinking> {{YOUR_THOUGHT_PROCESS}} </thinking> 

<answer>
{YOUR_ANSWER}
</answer>",1.27 mg/dL,What was the result of Mr. Doe's Creatinine lab test?,1.2 mg/dL,0.97 mg/dL,1.27 mg/dL,1.32 mg/dL,C
patient_04_8,,"Please answer the question below about the following patient: ID patient_04, Name: Jill Anderson, Birthday: 1975-07-06 00:00:00, Diagnosis: Pancreatic cancer

<question>
According to the GI Tumor Board Review on January 9th, 2022, which of the following statements is true for Mrs. Anderson?
</question>

<options>
The CT scan showed signs of liver metastases.
The CT scan indicated remission of her tumor.
The CT scan showed progression of her tumor.
Distant metastases were identified.
The patient had no history of FOLFIRINOX therapy.
</options>
You should first think step by step. Then give your final answer exactly as it appears in the options. Your output should be in the following format: 
<thinking> {{YOUR_THOUGHT_PROCESS}} </thinking> 

<answer>
{YOUR_ANSWER}
</answer>",The CT scan showed progression of her tumor.,"According to the GI Tumor Board Review on January 9th, 2022, which of the following statements is true for Mrs. Anderson?",The CT scan showed signs of liver metastases.,The CT scan indicated remission of her tumor.,The CT scan showed progression of her tumor.,Distant metastases were identified.,C
patient_08_13,,"Please answer the question below about the following patient: ID patient_08, Name: Laura Miller, Birthday: 1967-03-04 00:00:00, Diagnosis: Liver cirrhosis

<question>
Regarding Laura Miller, when was the MR Liver plain + contrast agent examination conducted?
</question>

<options>
05/28/2020
06/06/20
06/09/20
06/11/20
06/13/20
</options>
You should first think step by step. Then give your final answer exactly as it appears in the options. Your output should be in the following format: 
<thinking> {{YOUR_THOUGHT_PROCESS}} </thinking> 

<answer>
{YOUR_ANSWER}
</answer>",06/06/20,"Regarding Laura Miller, when was the MR Liver plain + contrast agent examination conducted?",05/28/2020,06/06/20,06/09/20,06/11/20,B
patient_09_8,,"Please answer the question below about the following patient: ID patient_09, Name: Paul Wells, Birthday: 1953-02-04 00:00:00, Diagnosis: Hepatocellular carcinoma

<question>
As of 11/20/2020, which COPD severity level was Mr. Wells classified under?
</question>

<options>
Gold I
Gold II
Gold III
Gold IV
Not classified
</options>
You should first think step by step. Then give your final answer exactly as it appears in the options. Your output should be in the following format: 
<thinking> {{YOUR_THOUGHT_PROCESS}} </thinking> 

<answer>
{YOUR_ANSWER}
</answer>",Gold III,"As of 11/20/2020, which COPD severity level was Mr. Wells classified under?",Gold I,Gold II,Gold III,Gold IV,C
patient_09_19,,"Please answer the question below about the following patient: ID patient_09, Name: Paul Wells, Birthday: 1953-02-04 00:00:00, Diagnosis: Hepatocellular carcinoma

<question>
Could you please specify the chronological sequence of the radiology imaging examinations that Mr. Wells underwent?
</question>

<options>
Ultrasound < Liver MRI < CT Chest/Abdomen/Pelvis Gastroscopy < Colonoscopy < DSA Coeliac-Mesenteric < Perfusion Scintigraphy of the Liver and Lungs with SPECT/CT < MRI liver < CT Chest/Abdomen/Pelvis  < Gastroscopy < Colonoscopy
Ultrasound < Liver MRI < CT Chest/Abdomen/Pelvis Gastroscopy < Colonoscopy < DSA Coeliac-Mesenteric < Perfusion Scintigraphy of the Liver and Lungs with SPECT/CT < MRI liver < CT Chest/Abdomen/Pelvis < Pulmonary function testing < Gastroscopy < Colonoscopy
Ultrasound < Liver MRI < CT Chest/Abdomen/Pelvis < DSA Coeliac-Mesenteric < MRI liver < CT Chest/Abdomen/Pelvis
Ultrasound < Liver MRI < DSA Coeliac-Mesenteric < CT Chest/Abdomen/Pelvis <  MRI liver < CT Chest/Abdomen/Pelvis
Ultrasound < Liver MRI < CT Chest/Abdomen/Pelvis < DSA Coeliac-Mesenteric  <  MRI liver < CT Chest/Abdomen/Pelvis
</options>
You should first think step by step. Then give your final answer exactly as it appears in the options. Your output should be in the following format: 
<thinking> {{YOUR_THOUGHT_PROCESS}} </thinking> 

<answer>
{YOUR_ANSWER}
</answer>",Ultrasound < Liver MRI < CT Chest/Abdomen/Pelvis < DSA Coeliac-Mesenteric < MRI liver < CT Chest/Abdomen/Pelvis,Could you please specify the chronological sequence of the radiology imaging examinations that Mr. Wells underwent?,Ultrasound < Liver MRI < CT Chest/Abdomen/Pelvis Gastroscopy < Colonoscopy < DSA Coeliac-Mesenteric < Perfusion Scintigraphy of the Liver and Lungs with SPECT/CT < MRI liver < CT Chest/Abdomen/Pelvis  < Gastroscopy < Colonoscopy,Ultrasound < Liver MRI < CT Chest/Abdomen/Pelvis Gastroscopy < Colonoscopy < DSA Coeliac-Mesenteric < Perfusion Scintigraphy of the Liver and Lungs with SPECT/CT < MRI liver < CT Chest/Abdomen/Pelvis < Pulmonary function testing < Gastroscopy < Colonoscopy,Ultrasound < Liver MRI < CT Chest/Abdomen/Pelvis < DSA Coeliac-Mesenteric < MRI liver < CT Chest/Abdomen/Pelvis,Ultrasound < Liver MRI < DSA Coeliac-Mesenteric < CT Chest/Abdomen/Pelvis <  MRI liver < CT Chest/Abdomen/Pelvis,C
patient_10_19,,"Please answer the question below about the following patient: ID patient_10, Name: Peter Rudolph, Birthday: 05/26/1954, Diagnosis: Renal cell carcinoma

<question>
Could you please specify the chronological sequence of the radiology imaging examinations that Mr. Rudolph underwent?
</question>

<options>
Chest CT  < Chest CT < CT-guided liver biopsy < Abdominal CT
Chest CT  < Abdominal CT < Chest CT < CT-guided liver biopsy
Chest CT < CT-guided liver biopsy < Chest CT < Abdominal CT
Chest CT  < Abdominal CT < Chest CT
CT-guided liver biopsy < Chest CT < Abdominal CT
</options>
You should first think step by step. Then give your final answer exactly as it appears in the options. Your output should be in the following format: 
<thinking> {{YOUR_THOUGHT_PROCESS}} </thinking> 

<answer>
{YOUR_ANSWER}
</answer>",Chest CT < CT-guided liver biopsy < Chest CT < Abdominal CT,Could you please specify the chronological sequence of the radiology imaging examinations that Mr. Rudolph underwent?,Chest CT  < Chest CT < CT-guided liver biopsy < Abdominal CT,Chest CT  < Abdominal CT < Chest CT < CT-guided liver biopsy,Chest CT < CT-guided liver biopsy < Chest CT < Abdominal CT,Chest CT  < Abdominal CT < Chest CT,C
patient_02_9,,"Please answer the question below about the following patient: ID patient_02, Name: Jane Done, Birthday: 1966-01-01 00:00:00, Diagnosis: Melanoma

<question>
Regarding Mrs. Done, hat is the parameter mentioned that warrants immediate medical attention according to the treatment regimen?
</question>

<options>
Blood pressure exceeding 160/90 mmHg
Body temperature surpassing 38.3°C
Any elevated liver enzymes
Blood glucose levels above 200 mg/dL
Drop in white blood cell count below 3,000 cells/µL
</options>
You should first think step by step. Then give your final answer exactly as it appears in the options. Your output should be in the following format: 
<thinking> {{YOUR_THOUGHT_PROCESS}} </thinking> 

<answer>
{YOUR_ANSWER}
</answer>",Body temperature surpassing 38.3°C,"Regarding Mrs. Done, hat is the parameter mentioned that warrants immediate medical attention according to the treatment regimen?",Blood pressure exceeding 160/90 mmHg,Body temperature surpassing 38.3°C,Any elevated liver enzymes,Blood glucose levels above 200 mg/dL,B
patient_03_6,,"Please answer the question below about the following patient: ID patient_03, Name: Mr. John Williams, Birthday: 1956-08-08 00:00:00, Diagnosis: Multiple Myeloma

<question>
Mr. Williams’ medications changed between 2018 and March 2019 - how did they change when looking at March 2019?
</question>

<options>
Lenalidomide 5 mg nightly and Bisoprolol 2.5 mg were discontinued.
The patient started taking Lyrica 25 mg and Lenalidomide 5 mg nightly.
The patient started taking Zofran 8 mg as needed.
The patient started taking 500 mg of Novalgin.
Amlodipin 5 mg was paused.
</options>
You should first think step by step. Then give your final answer exactly as it appears in the options. Your output should be in the following format: 
<thinking> {{YOUR_THOUGHT_PROCESS}} </thinking> 

<answer>
{YOUR_ANSWER}
</answer>",Amlodipin 5 mg was paused.,Mr. Williams’ medications changed between 2018 and March 2019 - how did they change when looking at March 2019?,Lenalidomide 5 mg nightly and Bisoprolol 2.5 mg were discontinued.,Amlodipin 5 mg was paused.,The patient started taking Zofran 8 mg as needed.,The patient started taking 500 mg of Novalgin.,B
patient_01_9,,"Please answer the question below about the following patient: ID patient_01, Name: Anna Sample, Birthday: 1970-01-01 00:00:00, Diagnosis: DLBCL

<question>
Based on the medication changes from admission to discharge, which of the following best describes the Mrs Sample's evolving clinical situation?
</question>

<options>
The patient's cardiovascular risk was decreased, leading to a reduced number of cardiovascular medications at discharge.
The patient's pain management was escalated, as indicated by an increased frequency of Hydromorphone intake.
The patient developed a new gastrointestinal issue, hence the introduction of Pantoprazole at discharge.
The patient's mood disorder was deemed stabilized, leading to the discontinuation of Sertraline at discharge.
The patient's immobility concerns were resolved, leading to the discontinuation of Enoxaparin sodium (Clexane®) at discharge.
</options>
You should first think step by step. Then give your final answer exactly as it appears in the options. Your output should be in the following format: 
<thinking> {{YOUR_THOUGHT_PROCESS}} </thinking> 

<answer>
{YOUR_ANSWER}
</answer>","The patient's pain management was escalated, as indicated by an increased frequency of Hydromorphone intake.","Based on the medication changes from admission to discharge, which of the following best describes the Mrs Sample's evolving clinical situation?","The patient's cardiovascular risk was decreased, leading to a reduced number of cardiovascular medications at discharge.","The patient's pain management was escalated, as indicated by an increased frequency of Hydromorphone intake.","The patient developed a new gastrointestinal issue, hence the introduction of Pantoprazole at discharge.","The patient's mood disorder was deemed stabilized, leading to the discontinuation of Sertraline at discharge.",B
patient_08_2,,"Please answer the question below about the following patient: ID patient_08, Name: Laura Miller, Birthday: 1967-03-04 00:00:00, Diagnosis: Liver cirrhosis

<question>
Which medication was prescribed for Laura Miller's analgesia in May 2020?
</question>

<options>
Ibuprofen
Acetaminophen
Morphine
Paracetamol
Aspirin
</options>
You should first think step by step. Then give your final answer exactly as it appears in the options. Your output should be in the following format: 
<thinking> {{YOUR_THOUGHT_PROCESS}} </thinking> 

<answer>
{YOUR_ANSWER}
</answer>",Acetaminophen,Which medication was prescribed for Laura Miller's analgesia in May 2020?,Ibuprofen,Acetaminophen,Morphine,Paracetamol,B
patient_07_14,,"Please answer the question below about the following patient: ID patient_07, Name: Linda Mayer, Birthday: 1948-12-01 00:00:00, Diagnosis: Breast carcinoma

<question>
What is the notable allergy Mrs. Mayer has?
</question>

<options>
Penicillin
Latex
Hay fever
Peanuts
Aspirin
</options>
You should first think step by step. Then give your final answer exactly as it appears in the options. Your output should be in the following format: 
<thinking> {{YOUR_THOUGHT_PROCESS}} </thinking> 

<answer>
{YOUR_ANSWER}
</answer>",Hay fever,What is the notable allergy Mrs. Mayer has?,Penicillin,Latex,Hay fever,Peanuts,C
patient_05_8,,"Please answer the question below about the following patient: ID patient_05, Name: John Miller, Birthday: 1961-07-04 00:00:00, Diagnosis: Cerebral glioblastoma

<question>
According to Mr. Miller's MRI report dated 02/02/2021, which of the following is observed?
</question>

<options>
There is no midline shift.
The width of both the internal and external CSF spaces decreased.
The orbital contents are asymmetrical.
Residual blood products are noted within the resection cavity.
The paranasal sinuses are not aerated appropriately.
</options>
You should first think step by step. Then give your final answer exactly as it appears in the options. Your output should be in the following format: 
<thinking> {{YOUR_THOUGHT_PROCESS}} </thinking> 

<answer>
{YOUR_ANSWER}
</answer>",Residual blood products are noted within the resection cavity.,"According to Mr. Miller's MRI report dated 02/02/2021, which of the following is observed?",There is no midline shift.,The width of both the internal and external CSF spaces decreased.,The orbital contents are asymmetrical.,Residual blood products are noted within the resection cavity.,D
patient_10_13,,"Please answer the question below about the following patient: ID patient_10, Name: Peter Rudolph, Birthday: 05/26/1954, Diagnosis: Renal cell carcinoma

<question>
Which of the following is NOT a part of Mr. Rudolph's medical history?
</question>

<options>
Atrial fibrillation with ablation
pTCA stenting for acute myocardial infarction/CHD
Laparoscopic cholecystectomy
Left psoas abscess
Prostatectomy
</options>
You should first think step by step. Then give your final answer exactly as it appears in the options. Your output should be in the following format: 
<thinking> {{YOUR_THOUGHT_PROCESS}} </thinking> 

<answer>
{YOUR_ANSWER}
</answer>",Prostatectomy,Which of the following is NOT a part of Mr. Rudolph's medical history?,Prostatectomy,pTCA stenting for acute myocardial infarction/CHD,Laparoscopic cholecystectomy,Left psoas abscess,A
patient_06_10,,"Please answer the question below about the following patient: ID patient_06, Name: Paul Doe, Birthday: 1965-08-08 00:00:00, Diagnosis: Hypopharynx carcinoma

<question>
On Paul Doe's lab results upon discharge in January 2022, which of the following values was elevated?
</question>

<options>
Sodium
Potassium
Creatinine
eGFR (CKD-EPI)
C-Reactive Protein
</options>
You should first think step by step. Then give your final answer exactly as it appears in the options. Your output should be in the following format: 
<thinking> {{YOUR_THOUGHT_PROCESS}} </thinking> 

<answer>
{YOUR_ANSWER}
</answer>",C-Reactive Protein,"On Paul Doe's lab results upon discharge in January 2022, which of the following values was elevated?",C-Reactive Protein,Potassium,Creatinine,eGFR (CKD-EPI),A
patient_02_6,,"Please answer the question below about the following patient: ID patient_02, Name: Jane Done, Birthday: 1966-01-01 00:00:00, Diagnosis: Melanoma

<question>
Based on Mrs. Jane Done's hospital course, which of the following statements is accurate?
</question>

<options>
The patient underwent a microsurgical resection for a left frontal hemorrhaged metastasis from previously diagnosed malignant melanoma on 01/20.
During one of her hospital stays, Mrs. Done was treated for a cystic metastasis, first detected in an emergency CT scan after a fall on 10/28/2020.
The patient has undergone empyema removal due to an infection following her resection of a right frontal tumor, which took place in February 2020
Mrs. Done started combination immunotherapy with 60 mg Nivolumab and 200 mg Ipilimumab on 05/02/20.
The radiation therapy delivered during her hospitalization was a hypofractionated regimen involving five sessions each delivering a dose of 8 Gy for a cumulative total dose of 40 Gy.
</options>
You should first think step by step. Then give your final answer exactly as it appears in the options. Your output should be in the following format: 
<thinking> {{YOUR_THOUGHT_PROCESS}} </thinking> 

<answer>
{YOUR_ANSWER}
</answer>","The patient has undergone empyema removal due to an infection following her resection of a right frontal tumor, which took place in February 2020","Based on Mrs. Jane Done's hospital course, which of the following statements is accurate?",The patient underwent a microsurgical resection for a left frontal hemorrhaged metastasis from previously diagnosed malignant melanoma on 01/20.,"During one of her hospital stays, Mrs. Done was treated for a cystic metastasis, first detected in an emergency CT scan after a fall on 10/28/2020.","The patient has undergone empyema removal due to an infection following her resection of a right frontal tumor, which took place in February 2020",Mrs. Done started combination immunotherapy with 60 mg Nivolumab and 200 mg Ipilimumab on 05/02/20.,C
patient_02_12,,"Please answer the question below about the following patient: ID patient_02, Name: Jane Done, Birthday: 1966-01-01 00:00:00, Diagnosis: Melanoma

<question>
What surgical steps were taken in Mrs. Done  during the neck dissection procedure performed on 01/05/2021?
</question>

<options>
The auricularis magnus nerve could be preserved.
The accessory nerve was identified and severed.
The auricularis magnus nerve was severed, the accessory nerve was preserved.
The accessory nerve could not be identified.
The trapezoid branch of the accessory nerve was visualized, but could not be preserved.
</options>
You should first think step by step. Then give your final answer exactly as it appears in the options. Your output should be in the following format: 
<thinking> {{YOUR_THOUGHT_PROCESS}} </thinking> 

<answer>
{YOUR_ANSWER}
</answer>","The auricularis magnus nerve was severed, the accessory nerve was preserved.",What surgical steps were taken in Mrs. Done  during the neck dissection procedure performed on 01/05/2021?,The auricularis magnus nerve could be preserved.,The accessory nerve was identified and severed.,"The auricularis magnus nerve was severed, the accessory nerve was preserved.",The accessory nerve could not be identified.,C
patient_06_17,,"Please answer the question below about the following patient: ID patient_06, Name: Paul Doe, Birthday: 1965-08-08 00:00:00, Diagnosis: Hypopharynx carcinoma

<question>
Regarding Mr. Doe, what was the hematocrit level in the provided lab results from 09/2021?
</question>

<options>
22,1%
25,1%
27,1%
30,1%
35,1%
</options>
You should first think step by step. Then give your final answer exactly as it appears in the options. Your output should be in the following format: 
<thinking> {{YOUR_THOUGHT_PROCESS}} </thinking> 

<answer>
{YOUR_ANSWER}
</answer>","25,1%","Regarding Mr. Doe, what was the hematocrit level in the provided lab results from 09/2021?","22,1%","25,1%","27,1%","30,1%",B
patient_06_12,,"Please answer the question below about the following patient: ID patient_06, Name: Paul Doe, Birthday: 1965-08-08 00:00:00, Diagnosis: Hypopharynx carcinoma

<question>
Mr. Doe's histology report of the resected left upper lobe specimen (01/10/2022) indicated evidence of:
</question>

<options>
Keratinizing squamous cell carcinoma
Pleural invasion
Tumor in all dissected lymph nodes
Vascular invasions
None of the above
</options>
You should first think step by step. Then give your final answer exactly as it appears in the options. Your output should be in the following format: 
<thinking> {{YOUR_THOUGHT_PROCESS}} </thinking> 

<answer>
{YOUR_ANSWER}
</answer>",Vascular invasions,Mr. Doe's histology report of the resected left upper lobe specimen (01/10/2022) indicated evidence of:,Keratinizing squamous cell carcinoma,Pleural invasion,Tumor in all dissected lymph nodes,Vascular invasions,D
patient_01_17,,"Please answer the question below about the following patient: ID patient_01, Name: Anna Sample, Birthday: 1970-01-01 00:00:00, Diagnosis: DLBCL

<question>
Considering Mrs. Sample's medical records and the chronology of her radiological examinations, which of the following statements is true regarding the last imaging examination she underwent?
</question>

<options>
A CT imaging of the spine was carried out, showing no material breakage.
An MRI of her spine was performed, revealing a thoracic neoplastic growth primarily at the level of Th10-L1.
A CT of her thoracic spine was conducted, showing stability of medial and lateral alignment.
A CT of the thorax was completed, showing an enlarged lymph node in station 10L.
An MRI of her head was executed, showing 20 FLAIR hyperintense lesions located near the cortex and in the periventricular region.
</options>
You should first think step by step. Then give your final answer exactly as it appears in the options. Your output should be in the following format: 
<thinking> {{YOUR_THOUGHT_PROCESS}} </thinking> 

<answer>
{YOUR_ANSWER}
</answer>","A CT of the thorax was completed, showing an enlarged lymph node in station 10L.","Considering Mrs. Sample's medical records and the chronology of her radiological examinations, which of the following statements is true regarding the last imaging examination she underwent?","A CT imaging of the spine was carried out, showing no material breakage.","An MRI of her spine was performed, revealing a thoracic neoplastic growth primarily at the level of Th10-L1.","A CT of her thoracic spine was conducted, showing stability of medial and lateral alignment.","A CT of the thorax was completed, showing an enlarged lymph node in station 10L.",D
patient_02_19,,"Please answer the question below about the following patient: ID patient_02, Name: Jane Done, Birthday: 1966-01-01 00:00:00, Diagnosis: Melanoma

<question>
Which of the following best describes Mrs. Done's lab results for Hemoglobin upon discharge?
</question>

<options>
12.3 g/dL
12.4 g/dL
Below normal range
Above normal range
11.5 g/dL
</options>
You should first think step by step. Then give your final answer exactly as it appears in the options. Your output should be in the following format: 
<thinking> {{YOUR_THOUGHT_PROCESS}} </thinking> 

<answer>
{YOUR_ANSWER}
</answer>",12.4 g/dL,Which of the following best describes Mrs. Done's lab results for Hemoglobin upon discharge?,12.3 g/dL,12.4 g/dL,Below normal range,Above normal range,B
patient_09_6,,"Please answer the question below about the following patient: ID patient_09, Name: Paul Wells, Birthday: 1953-02-04 00:00:00, Diagnosis: Hepatocellular carcinoma

<question>
What was the causative pathogen for Mr. Wells' pneumogenic sepsis?
</question>

<options>
Haemophilus influenzae
Streptococcus pneumoniae
Klebsiella pneumoniae
Mycoplasma pneumoniae
Legionella pneumophila
</options>
You should first think step by step. Then give your final answer exactly as it appears in the options. Your output should be in the following format: 
<thinking> {{YOUR_THOUGHT_PROCESS}} </thinking> 

<answer>
{YOUR_ANSWER}
</answer>",Streptococcus pneumoniae,What was the causative pathogen for Mr. Wells' pneumogenic sepsis?,Haemophilus influenzae,Streptococcus pneumoniae,Klebsiella pneumoniae,Mycoplasma pneumoniae,B
patient_01_13,,"Please answer the question below about the following patient: ID patient_01, Name: Anna Sample, Birthday: 1970-01-01 00:00:00, Diagnosis: DLBCL

<question>
According to the immunohistochemical findings in Mrs. Sample, which antibodies showed a positive reaction on the blastic tumor cells and what was the Ki-67 proliferation index for these cells?
</question>

<options>
The blastic tumor cells showed a positive reaction after incubation with antibodies against CD20, CD30, and BCL2. The Ki-67 proliferation index for these blastic tumor cells is > 80%.
The blastic tumor cells showed a positive reaction after incubation with antibodies against CD20, PAX5, and BCL2. The Ki-67 proliferation index for these blastic tumor cells is > 90%.
The blastic tumor cells showed a positive reaction after incubation with antibodies against CD20, PAX5, and BCL2. The Ki-67 proliferation index for these blastic tumor cells is < 90%.
The blastic tumor cells showed a positive reaction after incubation with antibodies against CD20, PAX5, BCL2, and CD10. The Ki-67 proliferation index for these blastic tumor cells is 50%.
The blastic tumor cells showed a positive reaction only after incubation with antibodies against CD20 and PAX5. The Ki-67 proliferation index for these blastic tumor cells is > 90%.
</options>
You should first think step by step. Then give your final answer exactly as it appears in the options. Your output should be in the following format: 
<thinking> {{YOUR_THOUGHT_PROCESS}} </thinking> 

<answer>
{YOUR_ANSWER}
</answer>","The blastic tumor cells showed a positive reaction after incubation with antibodies against CD20, PAX5, and BCL2. The Ki-67 proliferation index for these blastic tumor cells is > 90%.","According to the immunohistochemical findings in Mrs. Sample, which antibodies showed a positive reaction on the blastic tumor cells and what was the Ki-67 proliferation index for these cells?","The blastic tumor cells showed a positive reaction after incubation with antibodies against CD20, CD30, and BCL2. The Ki-67 proliferation index for these blastic tumor cells is > 80%.","The blastic tumor cells showed a positive reaction after incubation with antibodies against CD20, PAX5, and BCL2. The Ki-67 proliferation index for these blastic tumor cells is > 90%.","The blastic tumor cells showed a positive reaction after incubation with antibodies against CD20, PAX5, and BCL2. The Ki-67 proliferation index for these blastic tumor cells is < 90%.","The blastic tumor cells showed a positive reaction after incubation with antibodies against CD20, PAX5, BCL2, and CD10. The Ki-67 proliferation index for these blastic tumor cells is 50%.",B
patient_05_14,,"Please answer the question below about the following patient: ID patient_05, Name: John Miller, Birthday: 1961-07-04 00:00:00, Diagnosis: Cerebral glioblastoma

<question>
Which molecular pathological finding was technically not evaluable (immunohistochemical) for Mr. Miller?
</question>

<options>
ATRX
IDH status
p53
CDKN2A/B
MGMT promoter
</options>
You should first think step by step. Then give your final answer exactly as it appears in the options. Your output should be in the following format: 
<thinking> {{YOUR_THOUGHT_PROCESS}} </thinking> 

<answer>
{YOUR_ANSWER}
</answer>",p53,Which molecular pathological finding was technically not evaluable (immunohistochemical) for Mr. Miller?,ATRX,IDH status,p53,CDKN2A/B,C
patient_07_18,,"Please answer the question below about the following patient: ID patient_07, Name: Linda Mayer, Birthday: 1948-12-01 00:00:00, Diagnosis: Breast carcinoma

<question>
What was the concentration of the prednicarbate cream used in Mrs. Mayer's treatment starting on 01/08/2021?
</question>

<options>
0,05%
0,15%
0,2%
0,25%
0,3%
</options>
You should first think step by step. Then give your final answer exactly as it appears in the options. Your output should be in the following format: 
<thinking> {{YOUR_THOUGHT_PROCESS}} </thinking> 

<answer>
{YOUR_ANSWER}
</answer>","0,25%",What was the concentration of the prednicarbate cream used in Mrs. Mayer's treatment starting on 01/08/2021?,"0,05%","0,15%","0,2%","0,25%",D
patient_06_9,,"Please answer the question below about the following patient: ID patient_06, Name: Paul Doe, Birthday: 1965-08-08 00:00:00, Diagnosis: Hypopharynx carcinoma

<question>
What size was Mr. Doe's pneumothorax on the chest X-ray dated January 21st 2022?
</question>

<options>
1.4 cm
2.3 cm
3.2 cm
2.0 cm
1.0 cm
</options>
You should first think step by step. Then give your final answer exactly as it appears in the options. Your output should be in the following format: 
<thinking> {{YOUR_THOUGHT_PROCESS}} </thinking> 

<answer>
{YOUR_ANSWER}
</answer>",2.3 cm,What size was Mr. Doe's pneumothorax on the chest X-ray dated January 21st 2022?,1.4 cm,2.3 cm,3.2 cm,2.0 cm,B
patient_08_7,,"Please answer the question below about the following patient: ID patient_08, Name: Laura Miller, Birthday: 1967-03-04 00:00:00, Diagnosis: Liver cirrhosis

<question>
When was Laura Miller's last inpatient treatment as per the report?
</question>

<options>
06/08/2020
06/18/2020
08/21/2020
09/18/2020
09/20/2020
</options>
You should first think step by step. Then give your final answer exactly as it appears in the options. Your output should be in the following format: 
<thinking> {{YOUR_THOUGHT_PROCESS}} </thinking> 

<answer>
{YOUR_ANSWER}
</answer>",09/18/2020,When was Laura Miller's last inpatient treatment as per the report?,06/08/2020,06/18/2020,08/21/2020,09/18/2020,D
patient_03_11,,"Please answer the question below about the following patient: ID patient_03, Name: Mr. John Williams, Birthday: 1956-08-08 00:00:00, Diagnosis: Multiple Myeloma

<question>
Based on the clinical history of Mr. John Williams, which of the following statements is accurate?
</question>

<options>
Mr. Williams underwent a mitral valve replacement in March 2019 due to Acute mitral valve endocarditis, with all infected tissue resected from the mitral valve's holding apparatus. The cause of the infection was associated with a Demers catheter infection.
In March 2019, Mr. Williams underwent stem cell mobilization due to complications from RSV pneumonia, and VGPR was last noted in May 2019. He continued with Daratumumab treatment until March 2020, after which there was a pause due to a diagnosis of endocarditis.
Mr. Williams presented with symptoms of fatigue, shortness of breath, and bilateral pitting edema in the lower extremities in November 2022. Preliminary findings included a reduced LVEF of 35%, elevated BNP levels, and an echocardiogram showing mild mitral regurgitation.
Mr. Williams had an increase in LK values by May 2020, which led to the resumption of Daratumumab, causing a decrease in free light chains, with a subsequent noted increase in light chain kappa values to 150 mg/l by June 2020.
Mr. John Williams was diagnosed with Multiple Myeloma in 2020 and received radiation to the Th4 and thoracic rib totaling 20 Gy each.
</options>
You should first think step by step. Then give your final answer exactly as it appears in the options. Your output should be in the following format: 
<thinking> {{YOUR_THOUGHT_PROCESS}} </thinking> 

<answer>
{YOUR_ANSWER}
</answer>","Mr. Williams presented with symptoms of fatigue, shortness of breath, and bilateral pitting edema in the lower extremities in November 2022. Preliminary findings included a reduced LVEF of 35%, elevated BNP levels, and an echocardiogram showing mild mitral regurgitation.","Based on the clinical history of Mr. John Williams, which of the following statements is accurate?","Mr. Williams underwent a mitral valve replacement in March 2019 due to Acute mitral valve endocarditis, with all infected tissue resected from the mitral valve's holding apparatus. The cause of the infection was associated with a Demers catheter infection.","In March 2019, Mr. Williams underwent stem cell mobilization due to complications from RSV pneumonia, and VGPR was last noted in May 2019. He continued with Daratumumab treatment until March 2020, after which there was a pause due to a diagnosis of endocarditis.","Mr. Williams presented with symptoms of fatigue, shortness of breath, and bilateral pitting edema in the lower extremities in November 2022. Preliminary findings included a reduced LVEF of 35%, elevated BNP levels, and an echocardiogram showing mild mitral regurgitation.","Mr. Williams had an increase in LK values by May 2020, which led to the resumption of Daratumumab, causing a decrease in free light chains, with a subsequent noted increase in light chain kappa values to 150 mg/l by June 2020.",C
patient_06_1,,"Please answer the question below about the following patient: ID patient_06, Name: Paul Doe, Birthday: 1965-08-08 00:00:00, Diagnosis: Hypopharynx carcinoma

<question>
Which of the following is NOT one of the patient's diagnoses?
</question>

<options>
Non-insulin-dependent diabetes mellitus type II
Idiopathic thrombocytopenia
Liver cirrhosis
Insulin-dependent diabetes mellitus type I
Hypothyroidism
</options>
You should first think step by step. Then give your final answer exactly as it appears in the options. Your output should be in the following format: 
<thinking> {{YOUR_THOUGHT_PROCESS}} </thinking> 

<answer>
{YOUR_ANSWER}
</answer>",Insulin-dependent diabetes mellitus type I,Which of the following is NOT one of the patient's diagnoses?,Non-insulin-dependent diabetes mellitus type II,Idiopathic thrombocytopenia,Liver cirrhosis,Insulin-dependent diabetes mellitus type I,D
patient_03_19,,"Please answer the question below about the following patient: ID patient_03, Name: Mr. John Williams, Birthday: 1956-08-08 00:00:00, Diagnosis: Multiple Myeloma

<question>
What complication did Mr. Williams NOT experience after receiving medical treatment?
</question>

<options>
Mucositis
Gastrointestinal symptoms
E. faecium infection
JC virus bladder infection
Pulmonary embolism
</options>
You should first think step by step. Then give your final answer exactly as it appears in the options. Your output should be in the following format: 
<thinking> {{YOUR_THOUGHT_PROCESS}} </thinking> 

<answer>
{YOUR_ANSWER}
</answer>",Pulmonary embolism,What complication did Mr. Williams NOT experience after receiving medical treatment?,Pulmonary embolism,Gastrointestinal symptoms,E. faecium infection,JC virus bladder infection,A
patient_10_8,,"Please answer the question below about the following patient: ID patient_10, Name: Peter Rudolph, Birthday: 05/26/1954, Diagnosis: Renal cell carcinoma

<question>
Regarding Mr. Rudolph, what was the size of the left renal pelvis mass according to the histopathological report?
</question>

<options>
2.5 cm
3.4 cm
4.3 cm
5.1 cm
6.0 cm
</options>
You should first think step by step. Then give your final answer exactly as it appears in the options. Your output should be in the following format: 
<thinking> {{YOUR_THOUGHT_PROCESS}} </thinking> 

<answer>
{YOUR_ANSWER}
</answer>",4.3 cm,"Regarding Mr. Rudolph, what was the size of the left renal pelvis mass according to the histopathological report?",2.5 cm,3.4 cm,4.3 cm,5.1 cm,C
patient_06_16,,"Please answer the question below about the following patient: ID patient_06, Name: Paul Doe, Birthday: 1965-08-08 00:00:00, Diagnosis: Hypopharynx carcinoma

<question>
Regarding Mr. Doe, during which month and year was the panendoscopy performed that led to the initial diagnosis of the left tongue base carcinoma?
</question>

<options>
Mar 14
Apr 14
May 14
June 14
Jul 14
</options>
You should first think step by step. Then give your final answer exactly as it appears in the options. Your output should be in the following format: 
<thinking> {{YOUR_THOUGHT_PROCESS}} </thinking> 

<answer>
{YOUR_ANSWER}
</answer>",May 14,"Regarding Mr. Doe, during which month and year was the panendoscopy performed that led to the initial diagnosis of the left tongue base carcinoma?",Mar 14,Apr 14,May 14,June 14,C
patient_01_5,,"Please answer the question below about the following patient: ID patient_01, Name: Anna Sample, Birthday: 1970-01-01 00:00:00, Diagnosis: DLBCL

<question>
Mrs. Sample has bone metastasis, of which one was surgically addressed. Where was this metastasis located? 
</question>

<options>
Thoracic vertebra 8
Thoracic vertebra 9
Thoracic vertebra 10
Thoracic vertebra 11
Thoracic vertebra 12
</options>
You should first think step by step. Then give your final answer exactly as it appears in the options. Your output should be in the following format: 
<thinking> {{YOUR_THOUGHT_PROCESS}} </thinking> 

<answer>
{YOUR_ANSWER}
</answer>",Thoracic vertebra 10,"Mrs. Sample has bone metastasis, of which one was surgically addressed. Where was this metastasis located?",Thoracic vertebra 8,Thoracic vertebra 9,Thoracic vertebra 10,Thoracic vertebra 11,C
patient_09_10,,"Please answer the question below about the following patient: ID patient_09, Name: Paul Wells, Birthday: 1953-02-04 00:00:00, Diagnosis: Hepatocellular carcinoma

<question>
What was Mr. Wells' GFR (Glomerular Filtration Rate) upon discharge as indicated in the lab results?
</question>

<options>
90 mL/min
60 mL/min
45 mL/min
36 mL/min
26 mL/min
</options>
You should first think step by step. Then give your final answer exactly as it appears in the options. Your output should be in the following format: 
<thinking> {{YOUR_THOUGHT_PROCESS}} </thinking> 

<answer>
{YOUR_ANSWER}
</answer>",36 mL/min,What was Mr. Wells' GFR (Glomerular Filtration Rate) upon discharge as indicated in the lab results?,90 mL/min,60 mL/min,45 mL/min,36 mL/min,D
patient_05_19,,"Please answer the question below about the following patient: ID patient_05, Name: John Miller, Birthday: 1961-07-04 00:00:00, Diagnosis: Cerebral glioblastoma

<question>
What is the correct order of imaging tests performed for John Miller?
</question>

<options>
PET-MRI < cMRI < cMRI < PET-CT < PET-MRI < iMRI < cMRI < CT < PET-MRI < PET-MRI < iMRI < cMRI < cMRI < cMRI < cMRI
PET-CT < PET-MRI < iMRI < cMRI < CT < PET-MRI < cMRI < cMRI < PET-MRI < PET-MRI < cMRI < cMRI < cMRI < cMRI < cMRI
iMRI < cMRI < PET-MRI < cMRI < CT < PET-MRI < cMRI < PET-CT < PET-MRI < cMRI < PET-MRI < cMRI < cMRI < cMRI < cMRI
cMRI < PET-MRI < cMRI < iMRI < CT < PET-MRI < PET-CT < cMRI < cMRI < cMRI < cMRI < PET-MRI < PET-MRI < cMRI < cMRI
PET-MRI < cMRI < CT < PET-MRI < iMRI < cMRI < PET-CT < PET-MRI < cMRI < cMRI < PET-MRI < cMRI < cMRI < cMRI < cMRI
</options>
You should first think step by step. Then give your final answer exactly as it appears in the options. Your output should be in the following format: 
<thinking> {{YOUR_THOUGHT_PROCESS}} </thinking> 

<answer>
{YOUR_ANSWER}
</answer>",PET-MRI < cMRI < cMRI < PET-CT < PET-MRI < iMRI < cMRI < CT < PET-MRI < PET-MRI < iMRI < cMRI < cMRI < cMRI < cMRI,What is the correct order of imaging tests performed for John Miller?,PET-MRI < cMRI < cMRI < PET-CT < PET-MRI < iMRI < cMRI < CT < PET-MRI < PET-MRI < iMRI < cMRI < cMRI < cMRI < cMRI,PET-CT < PET-MRI < iMRI < cMRI < CT < PET-MRI < cMRI < cMRI < PET-MRI < PET-MRI < cMRI < cMRI < cMRI < cMRI < cMRI,iMRI < cMRI < PET-MRI < cMRI < CT < PET-MRI < cMRI < PET-CT < PET-MRI < cMRI < PET-MRI < cMRI < cMRI < cMRI < cMRI,cMRI < PET-MRI < cMRI < iMRI < CT < PET-MRI < PET-CT < cMRI < cMRI < cMRI < cMRI < PET-MRI < PET-MRI < cMRI < cMRI,A
patient_06_0,,"Please answer the question below about the following patient: ID patient_06, Name: Paul Doe, Birthday: 1965-08-08 00:00:00, Diagnosis: Hypopharynx carcinoma

<question>
The carcinoma is located in which area of the tongue?
</question>

<options>
Right lateral base
Left lateral base
Left midline
Right midline
Both left and right midline
</options>
You should first think step by step. Then give your final answer exactly as it appears in the options. Your output should be in the following format: 
<thinking> {{YOUR_THOUGHT_PROCESS}} </thinking> 

<answer>
{YOUR_ANSWER}
</answer>",Left midline,The carcinoma is located in which area of the tongue?,Right lateral base,Left lateral base,Left midline,Right midline,C
patient_09_7,,"Please answer the question below about the following patient: ID patient_09, Name: Paul Wells, Birthday: 1953-02-04 00:00:00, Diagnosis: Hepatocellular carcinoma

<question>
What did the MRI Liver on 11/20/2020 reveal about Mr. Wells' hepatic lesions
</question>

<options>
New lesions were observed
Lesions were stable in size and characteristics
Lesions showed signs of necrosis
Lesions had significantly increased in size
Lesions had disappeared
</options>
You should first think step by step. Then give your final answer exactly as it appears in the options. Your output should be in the following format: 
<thinking> {{YOUR_THOUGHT_PROCESS}} </thinking> 

<answer>
{YOUR_ANSWER}
</answer>",Lesions were stable in size and characteristics,What did the MRI Liver on 11/20/2020 reveal about Mr. Wells' hepatic lesions,New lesions were observed,Lesions were stable in size and characteristics,Lesions showed signs of necrosis,Lesions had significantly increased in size,B
patient_10_0,,"Please answer the question below about the following patient: ID patient_10, Name: Peter Rudolph, Birthday: 05/26/1954, Diagnosis: Renal cell carcinoma

<question>
When did Mr. Rudolph undergo atrial fibrillation ablation?
</question>

<options>
2010
2012
2013
2019
2020
</options>
You should first think step by step. Then give your final answer exactly as it appears in the options. Your output should be in the following format: 
<thinking> {{YOUR_THOUGHT_PROCESS}} </thinking> 

<answer>
{YOUR_ANSWER}
</answer>",2013,When did Mr. Rudolph undergo atrial fibrillation ablation?,2010,2012,2013,2019,C
patient_08_6,,"Please answer the question below about the following patient: ID patient_08, Name: Laura Miller, Birthday: 1967-03-04 00:00:00, Diagnosis: Liver cirrhosis

<question>
When was the total spine MRI plain conducted in Laura Miller?
</question>

<options>
2020-04-06 00:00:00
2020-08-06 00:00:00
06/13/2020
06/18/2020
06/19/2020
</options>
You should first think step by step. Then give your final answer exactly as it appears in the options. Your output should be in the following format: 
<thinking> {{YOUR_THOUGHT_PROCESS}} </thinking> 

<answer>
{YOUR_ANSWER}
</answer>",2020-04-06 00:00:00,When was the total spine MRI plain conducted in Laura Miller?,2020-04-06 00:00:00,2020-08-06 00:00:00,06/13/2020,06/18/2020,A
patient_04_5,,"Please answer the question below about the following patient: ID patient_04, Name: Jill Anderson, Birthday: 1975-07-06 00:00:00, Diagnosis: Pancreatic cancer

<question>
What was the histopathological finding related to the gallbladder during the exploratory laparotomy performed in Mrs. Anderson?
</question>

<options>
Acute cholecystitis.
Cholelithiasis.
Chronic cholecystitis.
Gallbladder polyps.
Gallbladder adenocarcinoma.
</options>
You should first think step by step. Then give your final answer exactly as it appears in the options. Your output should be in the following format: 
<thinking> {{YOUR_THOUGHT_PROCESS}} </thinking> 

<answer>
{YOUR_ANSWER}
</answer>",Chronic cholecystitis.,What was the histopathological finding related to the gallbladder during the exploratory laparotomy performed in Mrs. Anderson?,Acute cholecystitis.,Cholelithiasis.,Chronic cholecystitis.,Gallbladder polyps.,C
patient_01_1,,"Please answer the question below about the following patient: ID patient_01, Name: Anna Sample, Birthday: 1970-01-01 00:00:00, Diagnosis: DLBCL

<question>
In the context of Mrs. Sample's other diagnoses, which of the following is NOT accurate based on the provided information?
</question>

<options>
She has 2-vessel disease
She was diagnosed with primary progressive type of multiple sclerosis.
She has a mood disorder.
She has 3-vessel CHD.
She has pre-existing ALS.
</options>
You should first think step by step. Then give your final answer exactly as it appears in the options. Your output should be in the following format: 
<thinking> {{YOUR_THOUGHT_PROCESS}} </thinking> 

<answer>
{YOUR_ANSWER}
</answer>",She has 3-vessel CHD.,"In the context of Mrs. Sample's other diagnoses, which of the following is NOT accurate based on the provided information?",She has 2-vessel disease,She was diagnosed with primary progressive type of multiple sclerosis.,She has a mood disorder.,She has 3-vessel CHD.,D
patient_06_4,,"Please answer the question below about the following patient: ID patient_06, Name: Paul Doe, Birthday: 1965-08-08 00:00:00, Diagnosis: Hypopharynx carcinoma

<question>
During which period did the Paul Doe undergo radiotherapy?
</question>

<options>
07/14/2014 - 09/06/2014
05/14/2014 - 07/06/2014
07/27/2014 - 09/06/2014
05/14/2014 - 06/30/2014
07/27/2014 - 08/30/2014
</options>
You should first think step by step. Then give your final answer exactly as it appears in the options. Your output should be in the following format: 
<thinking> {{YOUR_THOUGHT_PROCESS}} </thinking> 

<answer>
{YOUR_ANSWER}
</answer>",07/27/2014 - 09/06/2014,During which period did the Paul Doe undergo radiotherapy?,07/14/2014 - 09/06/2014,05/14/2014 - 07/06/2014,07/27/2014 - 09/06/2014,05/14/2014 - 06/30/2014,C
patient_03_3,,"Please answer the question below about the following patient: ID patient_03, Name: Mr. John Williams, Birthday: 1956-08-08 00:00:00, Diagnosis: Multiple Myeloma

<question>
From the PSMA-PET-CT scan results for Mr. Williams, which vertebra showed the most notable PSMA uptake?
</question>

<options>
C4
L1
Th4
Th7
L5
</options>
You should first think step by step. Then give your final answer exactly as it appears in the options. Your output should be in the following format: 
<thinking> {{YOUR_THOUGHT_PROCESS}} </thinking> 

<answer>
{YOUR_ANSWER}
</answer>",Th4,"From the PSMA-PET-CT scan results for Mr. Williams, which vertebra showed the most notable PSMA uptake?",C4,L1,Th4,Th7,C
patient_02_18,,"Please answer the question below about the following patient: ID patient_02, Name: Jane Done, Birthday: 1966-01-01 00:00:00, Diagnosis: Melanoma

<question>
According toMrs. Done's PET/CT findings, which cervical lymph node level did NOT show increased FDG uptake consistent with metastatic disease?
</question>

<options>
Left Level II
Right Level II
Left Level IV
Right Level IV
Retropharyngeal space
</options>
You should first think step by step. Then give your final answer exactly as it appears in the options. Your output should be in the following format: 
<thinking> {{YOUR_THOUGHT_PROCESS}} </thinking> 

<answer>
{YOUR_ANSWER}
</answer>",Right Level IV,"According toMrs. Done's PET/CT findings, which cervical lymph node level did NOT show increased FDG uptake consistent with metastatic disease?",Left Level II,Right Level II,Left Level IV,Right Level IV,D
patient_10_4,,"Please answer the question below about the following patient: ID patient_10, Name: Peter Rudolph, Birthday: 05/26/1954, Diagnosis: Renal cell carcinoma

<question>
Which of the following procedures was NOT performed on Mr. Rudolph on 01/16/2019?
</question>

<options>
Diagnostic ureterorenoscopy on the left
Biopsy of the left ureter
Retrograde urography on the left
DJ catheter placement on the left
Laparoscopic cholecystectomy
</options>
You should first think step by step. Then give your final answer exactly as it appears in the options. Your output should be in the following format: 
<thinking> {{YOUR_THOUGHT_PROCESS}} </thinking> 

<answer>
{YOUR_ANSWER}
</answer>",Laparoscopic cholecystectomy,Which of the following procedures was NOT performed on Mr. Rudolph on 01/16/2019?,Laparoscopic cholecystectomy,Biopsy of the left ureter,Retrograde urography on the left,DJ catheter placement on the left,A
patient_07_3,,"Please answer the question below about the following patient: ID patient_07, Name: Linda Mayer, Birthday: 1948-12-01 00:00:00, Diagnosis: Breast carcinoma

<question>
Which of the following is NOT a part of Mrs. Linda Mayer's other diagnoses as provided in the history?
</question>

<options>
Hailey-Hailey disease
History of apoplexy in 2016
Right hip total hip replacement
Chronic obstructive pulmonary disease (COPD)
History of left adnexectomy in 1980 due to extrauterine pregnancy
</options>
You should first think step by step. Then give your final answer exactly as it appears in the options. Your output should be in the following format: 
<thinking> {{YOUR_THOUGHT_PROCESS}} </thinking> 

<answer>
{YOUR_ANSWER}
</answer>",Chronic obstructive pulmonary disease (COPD),Which of the following is NOT a part of Mrs. Linda Mayer's other diagnoses as provided in the history?,Hailey-Hailey disease,History of apoplexy in 2016,Right hip total hip replacement,Chronic obstructive pulmonary disease (COPD),D
patient_09_11,,"Please answer the question below about the following patient: ID patient_09, Name: Paul Wells, Birthday: 1953-02-04 00:00:00, Diagnosis: Hepatocellular carcinoma

<question>
What was the total bilirubin level in Mr. Wells' lab results upon discharge?
</question>

<options>
0.5 mg/dL
1.5 mg/dL
1.9 mg/dL
2.5 mg/dL
5.0 mg/dL
</options>
You should first think step by step. Then give your final answer exactly as it appears in the options. Your output should be in the following format: 
<thinking> {{YOUR_THOUGHT_PROCESS}} </thinking> 

<answer>
{YOUR_ANSWER}
</answer>",0.5 mg/dL,What was the total bilirubin level in Mr. Wells' lab results upon discharge?,0.5 mg/dL,1.5 mg/dL,1.9 mg/dL,2.5 mg/dL,A
patient_07_17,,"Please answer the question below about the following patient: ID patient_07, Name: Linda Mayer, Birthday: 1948-12-01 00:00:00, Diagnosis: Breast carcinoma

<question>
What was Mrs. Mayer's platelet count at discharge?
</question>

<options>
124 K/uL
224 K/uL
142 K/uL
242 K/uL
412 K/uL
</options>
You should first think step by step. Then give your final answer exactly as it appears in the options. Your output should be in the following format: 
<thinking> {{YOUR_THOUGHT_PROCESS}} </thinking> 

<answer>
{YOUR_ANSWER}
</answer>",142 K/uL,What was Mrs. Mayer's platelet count at discharge?,124 K/uL,224 K/uL,142 K/uL,242 K/uL,C
patient_09_2,,"Please answer the question below about the following patient: ID patient_09, Name: Paul Wells, Birthday: 1953-02-04 00:00:00, Diagnosis: Hepatocellular carcinoma

<question>
During the colonoscopy on 07/28/2019, what was found and removed from Mr. Wells' sigmoid colon?
</question>

<options>
A 10mm adenomatous polyp
A 4mm hyperplastic polyp
A malignant tumor
Diverticulitis
An inflammatory polyp
</options>
You should first think step by step. Then give your final answer exactly as it appears in the options. Your output should be in the following format: 
<thinking> {{YOUR_THOUGHT_PROCESS}} </thinking> 

<answer>
{YOUR_ANSWER}
</answer>",A 4mm hyperplastic polyp,"During the colonoscopy on 07/28/2019, what was found and removed from Mr. Wells' sigmoid colon?",A 10mm adenomatous polyp,A 4mm hyperplastic polyp,A malignant tumor,Diverticulitis,B
patient_04_11,,"Please answer the question below about the following patient: ID patient_04, Name: Jill Anderson, Birthday: 1975-07-06 00:00:00, Diagnosis: Pancreatic cancer

<question>
What change in the lung nodules was observed in the CT scan dated 04/02/2023 as compared to the prior scan in Mrs. Anderson?
</question>

<options>
Lung nodules were significantly reduced in size.
Lung nodules remained unchanged in size and number.
Known metastatic lung nodules increased in size.
No known metastatic lung nodules were identified.
The lung nodules were slightly reduced, with a few new ones appearing.
</options>
You should first think step by step. Then give your final answer exactly as it appears in the options. Your output should be in the following format: 
<thinking> {{YOUR_THOUGHT_PROCESS}} </thinking> 

<answer>
{YOUR_ANSWER}
</answer>",Known metastatic lung nodules increased in size.,What change in the lung nodules was observed in the CT scan dated 04/02/2023 as compared to the prior scan in Mrs. Anderson?,Lung nodules were significantly reduced in size.,Lung nodules remained unchanged in size and number.,Known metastatic lung nodules increased in size.,No known metastatic lung nodules were identified.,C
patient_03_4,,"Please answer the question below about the following patient: ID patient_03, Name: Mr. John Williams, Birthday: 1956-08-08 00:00:00, Diagnosis: Multiple Myeloma

<question>
On 01/09/2017, Mr. Williams received a CT scan of her whole body. What kind of contrast agent was used?
</question>

<options>
Omnipaque 320
Imeron 400
Optiray 320
Omnipaque 240
Ultravist 370
</options>
You should first think step by step. Then give your final answer exactly as it appears in the options. Your output should be in the following format: 
<thinking> {{YOUR_THOUGHT_PROCESS}} </thinking> 

<answer>
{YOUR_ANSWER}
</answer>",Omnipaque 240,"On 01/09/2017, Mr. Williams received a CT scan of her whole body. What kind of contrast agent was used?",Omnipaque 320,Imeron 400,Optiray 320,Omnipaque 240,D
patient_05_15,,"Please answer the question below about the following patient: ID patient_05, Name: John Miller, Birthday: 1961-07-04 00:00:00, Diagnosis: Cerebral glioblastoma

<question>
During which month and year did Mr. Miller first experience symptoms such as speech disturbances and confusion?
</question>

<options>
2018-07-01 00:00:00
2019-08-01 00:00:00
2019-07-01 00:00:00
2019-06-01 00:00:00
2018-12-01 00:00:00
</options>
You should first think step by step. Then give your final answer exactly as it appears in the options. Your output should be in the following format: 
<thinking> {{YOUR_THOUGHT_PROCESS}} </thinking> 

<answer>
{YOUR_ANSWER}
</answer>",2019-07-01 00:00:00,During which month and year did Mr. Miller first experience symptoms such as speech disturbances and confusion?,2018-07-01 00:00:00,2019-08-01 00:00:00,2019-07-01 00:00:00,2019-06-01 00:00:00,C
patient_09_14,,"Please answer the question below about the following patient: ID patient_09, Name: Paul Wells, Birthday: 1953-02-04 00:00:00, Diagnosis: Hepatocellular carcinoma

<question>
When was Mr. Wells first admitted for SIRT simulation
</question>

<options>
08/13/2019
08/13/2020
07/26/2019
04/02/2021
10/24/2020
</options>
You should first think step by step. Then give your final answer exactly as it appears in the options. Your output should be in the following format: 
<thinking> {{YOUR_THOUGHT_PROCESS}} </thinking> 

<answer>
{YOUR_ANSWER}
</answer>",08/13/2020,When was Mr. Wells first admitted for SIRT simulation,08/13/2019,08/13/2020,07/26/2019,04/02/2021,B
patient_01_12,,"Please answer the question below about the following patient: ID patient_01, Name: Anna Sample, Birthday: 1970-01-01 00:00:00, Diagnosis: DLBCL

<question>
Which of these examinations were never performed in Mrs. Sample?
</question>

<options>
Bone marrow aspiration
CSF aspiration
MRI of the head
Pulmonary function testing
Cardiac stress testing
</options>
You should first think step by step. Then give your final answer exactly as it appears in the options. Your output should be in the following format: 
<thinking> {{YOUR_THOUGHT_PROCESS}} </thinking> 

<answer>
{YOUR_ANSWER}
</answer>",Cardiac stress testing,Which of these examinations were never performed in Mrs. Sample?,Cardiac stress testing,CSF aspiration,MRI of the head,Pulmonary function testing,A
patient_01_7,,"Please answer the question below about the following patient: ID patient_01, Name: Anna Sample, Birthday: 1970-01-01 00:00:00, Diagnosis: DLBCL

<question>
Mrs. Sample received multiple radiologic examinations. In which order did she receive them?
</question>

<options>
MR spine > MR Head > CT Thoracic Spine > CT Whole Body
MR Brain > MR thoracic/lumbar spine > CT chest/abdomen/pelvis > CT Thoracic Spine > CT Thoracic Spine > CT chest/abdomen/pelvis > Abdominal ultrasound > MR Spine > Whole-body PET/CT > Liver MRI
MR cervical spine > MR Head > CT Whole Body > CT Thoracic Spine
MR Brain > CT Thoracic Spine > MR cervical spine > CT Whole Body
CT Thoracic Spine > CT Whole Body > MR cervical spine > MR Head
</options>
You should first think step by step. Then give your final answer exactly as it appears in the options. Your output should be in the following format: 
<thinking> {{YOUR_THOUGHT_PROCESS}} </thinking> 

<answer>
{YOUR_ANSWER}
</answer>",MR Brain > MR thoracic/lumbar spine > CT chest/abdomen/pelvis > CT Thoracic Spine > CT Thoracic Spine > CT chest/abdomen/pelvis > Abdominal ultrasound > MR Spine > Whole-body PET/CT > Liver MRI,Mrs. Sample received multiple radiologic examinations. In which order did she receive them?,MR spine > MR Head > CT Thoracic Spine > CT Whole Body,MR Brain > MR thoracic/lumbar spine > CT chest/abdomen/pelvis > CT Thoracic Spine > CT Thoracic Spine > CT chest/abdomen/pelvis > Abdominal ultrasound > MR Spine > Whole-body PET/CT > Liver MRI,MR cervical spine > MR Head > CT Whole Body > CT Thoracic Spine,MR Brain > CT Thoracic Spine > MR cervical spine > CT Whole Body,B
patient_03_14,,"Please answer the question below about the following patient: ID patient_03, Name: Mr. John Williams, Birthday: 1956-08-08 00:00:00, Diagnosis: Multiple Myeloma

<question>
What imaging method and findings provided evidence of Mr. Williams's metastatic involvement at the level of T4 vertebral body consistent with prostate cancer?
</question>

<options>
A CT Spine scan on 09/30/2018 which showed extensive osteolysis in multiple vertebral bodies.
An MRI of the entire spine on 06/20/2018 which revealed disseminated bone lesions throughout the spine without any soft tissue involvement.
A PSMA-PET-CT Scan in 05/2018 which exhibited notably increased PSMA uptake at the level of T4 vertebral body, showing evidence of metastatic involvement.
A bone marrow biopsy indicating interstitial and focal nodular invasion of the marrow space by plasma cell myeloma.
A radio-oncological assessment scheduled for 09/05/2018 to check the effects of radiation therapy.
</options>
You should first think step by step. Then give your final answer exactly as it appears in the options. Your output should be in the following format: 
<thinking> {{YOUR_THOUGHT_PROCESS}} </thinking> 

<answer>
{YOUR_ANSWER}
</answer>","A PSMA-PET-CT Scan in 05/2018 which exhibited notably increased PSMA uptake at the level of T4 vertebral body, showing evidence of metastatic involvement.",What imaging method and findings provided evidence of Mr. Williams's metastatic involvement at the level of T4 vertebral body consistent with prostate cancer?,A CT Spine scan on 09/30/2018 which showed extensive osteolysis in multiple vertebral bodies.,An MRI of the entire spine on 06/20/2018 which revealed disseminated bone lesions throughout the spine without any soft tissue involvement.,"A PSMA-PET-CT Scan in 05/2018 which exhibited notably increased PSMA uptake at the level of T4 vertebral body, showing evidence of metastatic involvement.",A bone marrow biopsy indicating interstitial and focal nodular invasion of the marrow space by plasma cell myeloma.,C
patient_08_12,,"Please answer the question below about the following patient: ID patient_08, Name: Laura Miller, Birthday: 1967-03-04 00:00:00, Diagnosis: Liver cirrhosis

<question>
What procedure was performed on Laura Miller on 08/21/2020?
</question>

<options>
MRI of the liver
Ultrasound of the upper abdomen
Esophagogastroduodenoscopy with banding therapy
CT Chest/Abdomen/Pelvis with contrast
Kyphoplasty of thoracic vertebra 8
</options>
You should first think step by step. Then give your final answer exactly as it appears in the options. Your output should be in the following format: 
<thinking> {{YOUR_THOUGHT_PROCESS}} </thinking> 

<answer>
{YOUR_ANSWER}
</answer>",Esophagogastroduodenoscopy with banding therapy,What procedure was performed on Laura Miller on 08/21/2020?,MRI of the liver,Ultrasound of the upper abdomen,Esophagogastroduodenoscopy with banding therapy,CT Chest/Abdomen/Pelvis with contrast,C
patient_02_1,,"Please answer the question below about the following patient: ID patient_02, Name: Jane Done, Birthday: 1966-01-01 00:00:00, Diagnosis: Melanoma

<question>
What would be the cumulative dose of Pembrolizumab in Mrs. Jane Done adjuvant chemotherapy?
</question>

<options>
1.6g
1.8g
2000mg
1.4g
1.6mg
</options>
You should first think step by step. Then give your final answer exactly as it appears in the options. Your output should be in the following format: 
<thinking> {{YOUR_THOUGHT_PROCESS}} </thinking> 

<answer>
{YOUR_ANSWER}
</answer>",1.8g,What would be the cumulative dose of Pembrolizumab in Mrs. Jane Done adjuvant chemotherapy?,1.6g,1.8g,2000mg,1.4g,B
patient_03_7,,"Please answer the question below about the following patient: ID patient_03, Name: Mr. John Williams, Birthday: 1956-08-08 00:00:00, Diagnosis: Multiple Myeloma

<question>
Based on Mr. Williams' medication changes between the first and last recorded medication, which of the following best describes the changes?
</question>

<options>
Pantoprazole's dosage increased from once daily to twice daily, and Valtrex was discontinued at discharge.
Cyclosporine and Myfortic were both continued at discharge, while Valtrex's dosage remained the same.
Duragesic was added with a dosing instruction to change every 3 days.
Bactrim's dosage was increased from three times a week to daily at discharge, and Lovenox was given three times daily.
Tamsulosin dosage was adjusted to 0.8mg daily at discharge, and Plavix was given twice daily.
</options>
You should first think step by step. Then give your final answer exactly as it appears in the options. Your output should be in the following format: 
<thinking> {{YOUR_THOUGHT_PROCESS}} </thinking> 

<answer>
{YOUR_ANSWER}
</answer>",Duragesic was added with a dosing instruction to change every 3 days.,"Based on Mr. Williams' medication changes between the first and last recorded medication, which of the following best describes the changes?","Pantoprazole's dosage increased from once daily to twice daily, and Valtrex was discontinued at discharge.","Cyclosporine and Myfortic were both continued at discharge, while Valtrex's dosage remained the same.",Duragesic was added with a dosing instruction to change every 3 days.,"Bactrim's dosage was increased from three times a week to daily at discharge, and Lovenox was given three times daily.",C
patient_02_8,,"Please answer the question below about the following patient: ID patient_02, Name: Jane Done, Birthday: 1966-01-01 00:00:00, Diagnosis: Melanoma

<question>
What mutation was found in Mrs. Done's molecular profile, which is specifically targeted by the recommended therapeutic combination?
</question>

<options>
ALK-EML4
RAS
BRAF V600E
EGFR
KRAS
</options>
You should first think step by step. Then give your final answer exactly as it appears in the options. Your output should be in the following format: 
<thinking> {{YOUR_THOUGHT_PROCESS}} </thinking> 

<answer>
{YOUR_ANSWER}
</answer>",BRAF V600E,"What mutation was found in Mrs. Done's molecular profile, which is specifically targeted by the recommended therapeutic combination?",ALK-EML4,RAS,BRAF V600E,EGFR,C
patient_09_16,,"Please answer the question below about the following patient: ID patient_09, Name: Paul Wells, Birthday: 1953-02-04 00:00:00, Diagnosis: Hepatocellular carcinoma

<question>
When was the liver tumor board decision for systemic therapy made for Mr. Wells?
</question>

<options>
07/20/2019
08/18/2019
01/01/2020
08/24/2019
07/27/2019
</options>
You should first think step by step. Then give your final answer exactly as it appears in the options. Your output should be in the following format: 
<thinking> {{YOUR_THOUGHT_PROCESS}} </thinking> 

<answer>
{YOUR_ANSWER}
</answer>",08/18/2019,When was the liver tumor board decision for systemic therapy made for Mr. Wells?,07/20/2019,08/18/2019,01/01/2020,08/24/2019,B
patient_02_14,,"Please answer the question below about the following patient: ID patient_02, Name: Jane Done, Birthday: 1966-01-01 00:00:00, Diagnosis: Melanoma

<question>
Which of the following medications was given to the Mrs. Done for eczema treatment during the hospital stay from 10/23/2020 to 11/01/2020?
</question>

<options>
Paracetamol
Pembrolizumab
Desonide Cream
Levothyroxine
Calcium Supplement
</options>
You should first think step by step. Then give your final answer exactly as it appears in the options. Your output should be in the following format: 
<thinking> {{YOUR_THOUGHT_PROCESS}} </thinking> 

<answer>
{YOUR_ANSWER}
</answer>",Desonide Cream,Which of the following medications was given to the Mrs. Done for eczema treatment during the hospital stay from 10/23/2020 to 11/01/2020?,Paracetamol,Pembrolizumab,Desonide Cream,Levothyroxine,C
patient_01_2,,"Please answer the question below about the following patient: ID patient_01, Name: Anna Sample, Birthday: 1970-01-01 00:00:00, Diagnosis: DLBCL

<question>
Which chronic, neuroinflammatory disease does Mrs. Sample suffer from? 
</question>

<options>
Multiple sclerosis
Dementia
Parkinson
Brain abscess
Autoimmune encephalitis
</options>
You should first think step by step. Then give your final answer exactly as it appears in the options. Your output should be in the following format: 
<thinking> {{YOUR_THOUGHT_PROCESS}} </thinking> 

<answer>
{YOUR_ANSWER}
</answer>",Multiple sclerosis,"Which chronic, neuroinflammatory disease does Mrs. Sample suffer from?",Multiple sclerosis,Dementia,Parkinson,Brain abscess,A
patient_07_12,,"Please answer the question below about the following patient: ID patient_07, Name: Linda Mayer, Birthday: 1948-12-01 00:00:00, Diagnosis: Breast carcinoma

<question>
Given the ink markings used during the left subcutaneous mastectomy in Linda Mayer, which color corresponded to the caudal margin?
</question>

<options>
Blue
Black
Yellow
Green
No color, caudal margins will not be marked.
</options>
You should first think step by step. Then give your final answer exactly as it appears in the options. Your output should be in the following format: 
<thinking> {{YOUR_THOUGHT_PROCESS}} </thinking> 

<answer>
{YOUR_ANSWER}
</answer>",Yellow,"Given the ink markings used during the left subcutaneous mastectomy in Linda Mayer, which color corresponded to the caudal margin?",Blue,Black,Yellow,Green,C
patient_06_18,,"Please answer the question below about the following patient: ID patient_06, Name: Paul Doe, Birthday: 1965-08-08 00:00:00, Diagnosis: Hypopharynx carcinoma

<question>
Regarding Mr. Doe, what was the recommendation regarding dental procedures after head and neck radiation therapy?
</question>

<options>
Regular flossing
Avoid dental procedures
Regular fluoridation of the teeth and guideline-based antibiotic prophylaxis prior to major dental procedures
Immediate dental extraction
Use of antiseptic mouthwash
</options>
You should first think step by step. Then give your final answer exactly as it appears in the options. Your output should be in the following format: 
<thinking> {{YOUR_THOUGHT_PROCESS}} </thinking> 

<answer>
{YOUR_ANSWER}
</answer>",Regular fluoridation of the teeth and guideline-based antibiotic prophylaxis prior to major dental procedures,"Regarding Mr. Doe, what was the recommendation regarding dental procedures after head and neck radiation therapy?",Regular flossing,Avoid dental procedures,Regular fluoridation of the teeth and guideline-based antibiotic prophylaxis prior to major dental procedures,Immediate dental extraction,C
patient_03_2,,"Please answer the question below about the following patient: ID patient_03, Name: Mr. John Williams, Birthday: 1956-08-08 00:00:00, Diagnosis: Multiple Myeloma

<question>
Based on the immunohistochemical additional findings in Mr. Williams, what percentage of blast cells were positive for CD34 and CD117?
</question>

<options>
Above 10%
Above 5%
Below 5%
Exactly 5%
Below 1%
</options>
You should first think step by step. Then give your final answer exactly as it appears in the options. Your output should be in the following format: 
<thinking> {{YOUR_THOUGHT_PROCESS}} </thinking> 

<answer>
{YOUR_ANSWER}
</answer>",Below 5%,"Based on the immunohistochemical additional findings in Mr. Williams, what percentage of blast cells were positive for CD34 and CD117?",Above 10%,Above 5%,Below 5%,Exactly 5%,C
patient_10_9,,"Please answer the question below about the following patient: ID patient_10, Name: Peter Rudolph, Birthday: 05/26/1954, Diagnosis: Renal cell carcinoma

<question>
Regarding Mr. Rudolph, how much did the liver metastasis in segment VII grow in largest diameter between 03/03/2021 and 06/07/2021?
</question>

<options>
2.0 cm
4.2 cm
1.8 cm
1.6 cm
5.6 cm
</options>
You should first think step by step. Then give your final answer exactly as it appears in the options. Your output should be in the following format: 
<thinking> {{YOUR_THOUGHT_PROCESS}} </thinking> 

<answer>
{YOUR_ANSWER}
</answer>",1.6 cm,"Regarding Mr. Rudolph, how much did the liver metastasis in segment VII grow in largest diameter between 03/03/2021 and 06/07/2021?",2.0 cm,4.2 cm,1.8 cm,1.6 cm,D
patient_08_10,,"Please answer the question below about the following patient: ID patient_08, Name: Laura Miller, Birthday: 1967-03-04 00:00:00, Diagnosis: Liver cirrhosis

<question>
Regarding Laura Miller, what was the significant finding in the Esophagogastroduodenoscopy performed on 08/21/2020?
</question>

<options>
Active upper GI bleed
Gastric ulcer
Gastric ulcer
Intestinal obstruction
Esophageal varices with alarm signs
</options>
You should first think step by step. Then give your final answer exactly as it appears in the options. Your output should be in the following format: 
<thinking> {{YOUR_THOUGHT_PROCESS}} </thinking> 

<answer>
{YOUR_ANSWER}
</answer>",Esophageal varices with alarm signs,"Regarding Laura Miller, what was the significant finding in the Esophagogastroduodenoscopy performed on 08/21/2020?",Esophageal varices with alarm signs,Gastric ulcer,Gastric ulcer,Intestinal obstruction,A
patient_01_14,,"Please answer the question below about the following patient: ID patient_01, Name: Anna Sample, Birthday: 1970-01-01 00:00:00, Diagnosis: DLBCL

<question>
Based on the microscopy findings for the epidural tumor in Mrs. Sample, what was the percentage of positivity for Bcl-6?
</question>

<options>
<20%
0.2
> 20%
0.3
0.35
</options>
You should first think step by step. Then give your final answer exactly as it appears in the options. Your output should be in the following format: 
<thinking> {{YOUR_THOUGHT_PROCESS}} </thinking> 

<answer>
{YOUR_ANSWER}
</answer>",<20%,"Based on the microscopy findings for the epidural tumor in Mrs. Sample, what was the percentage of positivity for Bcl-6?",<20%,0.2,> 20%,0.3,A
patient_09_5,,"Please answer the question below about the following patient: ID patient_09, Name: Paul Wells, Birthday: 1953-02-04 00:00:00, Diagnosis: Hepatocellular carcinoma

<question>
On what date was Mr. Wells diagnosed with Community-Acquired Pneumonia (CAP)?
</question>

<options>
07/26/2019
08/13/2020
11/20/2020
04/02/2021
08/24/2019
</options>
You should first think step by step. Then give your final answer exactly as it appears in the options. Your output should be in the following format: 
<thinking> {{YOUR_THOUGHT_PROCESS}} </thinking> 

<answer>
{YOUR_ANSWER}
</answer>",04/02/2021,On what date was Mr. Wells diagnosed with Community-Acquired Pneumonia (CAP)?,07/26/2019,08/13/2020,11/20/2020,04/02/2021,D
patient_03_1,,"Please answer the question below about the following patient: ID patient_03, Name: Mr. John Williams, Birthday: 1956-08-08 00:00:00, Diagnosis: Multiple Myeloma

<question>
Which treatment resulted in prolonged pancytopenia for Mr. Williams?
</question>

<options>
Cyclophosphamide, bortezomib and dexamethasone
Combination of carfilzomib, lenalidomide, and dexamethasone
Stem cell mobilization using cyclophosphamide
Cyclophosphamide–carfilzomib–dexamethasone
None of the above
</options>
You should first think step by step. Then give your final answer exactly as it appears in the options. Your output should be in the following format: 
<thinking> {{YOUR_THOUGHT_PROCESS}} </thinking> 

<answer>
{YOUR_ANSWER}
</answer>","Cyclophosphamide, bortezomib and dexamethasone",Which treatment resulted in prolonged pancytopenia for Mr. Williams?,"Cyclophosphamide, bortezomib and dexamethasone","Combination of carfilzomib, lenalidomide, and dexamethasone",Stem cell mobilization using cyclophosphamide,Cyclophosphamide–carfilzomib–dexamethasone,A
patient_10_12,,"Please answer the question below about the following patient: ID patient_10, Name: Peter Rudolph, Birthday: 05/26/1954, Diagnosis: Renal cell carcinoma

<question>
What was the significant clinical finding in the Fist Closure Test performed on Mr. Rudolph?
</question>

<options>
Bilateral triphasic flow in the subclavian arteries
Subclavian stenosis
Reversed flow in the left vertebral artery
Blood pressure differences between right and left arms
Presence of arm claudication
</options>
You should first think step by step. Then give your final answer exactly as it appears in the options. Your output should be in the following format: 
<thinking> {{YOUR_THOUGHT_PROCESS}} </thinking> 

<answer>
{YOUR_ANSWER}
</answer>",Bilateral triphasic flow in the subclavian arteries,What was the significant clinical finding in the Fist Closure Test performed on Mr. Rudolph?,Bilateral triphasic flow in the subclavian arteries,Subclavian stenosis,Reversed flow in the left vertebral artery,Blood pressure differences between right and left arms,A
patient_03_5,,"Please answer the question below about the following patient: ID patient_03, Name: Mr. John Williams, Birthday: 1956-08-08 00:00:00, Diagnosis: Multiple Myeloma

<question>
Mr. Williams received multiple radiologic examinations. In which order did she receive them?
</question>

<options>
CT Whole Body > MR Spine Scan > CT Spine Scan > PSMA-PET-CT Scan > CT Chest > CT Whole Body > Whole Body CT scan
Whole Body CT scan > CT Spine Scan > CT Whole Body > MR Spine Scan > CT Chest > PSMA-PET-CT Scan > CT Whole Body.
CT Whole Body > CT Whole Body > CT Chest > CT Chest > PSMA-PET-CT Scan > MR Spine Scan > CT Spine Scan > Whole Body CT scan > Chest X-ray
CT Chest > CT Spine Scan > CT Whole Body > Whole Body CT scan > PSMA-PET-CT Scan > MR Spine Scan > CT Whole Body
Whole Body CT scan > CT Spine Scan > CT Whole Body > MR Spine Scan > CT Chest  > CT Whole Body  > PSMA-PET-CT Scan
</options>
You should first think step by step. Then give your final answer exactly as it appears in the options. Your output should be in the following format: 
<thinking> {{YOUR_THOUGHT_PROCESS}} </thinking> 

<answer>
{YOUR_ANSWER}
</answer>",CT Whole Body > CT Whole Body > CT Chest > CT Chest > PSMA-PET-CT Scan > MR Spine Scan > CT Spine Scan > Whole Body CT scan > Chest X-ray,Mr. Williams received multiple radiologic examinations. In which order did she receive them?,CT Whole Body > MR Spine Scan > CT Spine Scan > PSMA-PET-CT Scan > CT Chest > CT Whole Body > Whole Body CT scan,Whole Body CT scan > CT Spine Scan > CT Whole Body > MR Spine Scan > CT Chest > PSMA-PET-CT Scan > CT Whole Body.,CT Whole Body > CT Whole Body > CT Chest > CT Chest > PSMA-PET-CT Scan > MR Spine Scan > CT Spine Scan > Whole Body CT scan > Chest X-ray,CT Chest > CT Spine Scan > CT Whole Body > Whole Body CT scan > PSMA-PET-CT Scan > MR Spine Scan > CT Whole Body,C
patient_05_2,,"Please answer the question below about the following patient: ID patient_05, Name: John Miller, Birthday: 1961-07-04 00:00:00, Diagnosis: Cerebral glioblastoma

<question>
What molecular pathology finding is observed in Mr. Miller's condition?
</question>

<options>
Combined 1p/19q loss
p.R132H mutation in IDH
CDKN2A/B deletion
KRAS mutation
BRAF V600E mutation
</options>
You should first think step by step. Then give your final answer exactly as it appears in the options. Your output should be in the following format: 
<thinking> {{YOUR_THOUGHT_PROCESS}} </thinking> 

<answer>
{YOUR_ANSWER}
</answer>",CDKN2A/B deletion,What molecular pathology finding is observed in Mr. Miller's condition?,Combined 1p/19q loss,p.R132H mutation in IDH,CDKN2A/B deletion,KRAS mutation,C
patient_07_8,,"Please answer the question below about the following patient: ID patient_07, Name: Linda Mayer, Birthday: 1948-12-01 00:00:00, Diagnosis: Breast carcinoma

<question>
Which of the following best describes the TNM classification for Mrs. Linda Mayer's right breast condition after the surgery on 09/01/2019?
</question>

<options>
pTis (DCIS), R0, G2
pTis (DCIS), R0, G3
pN1a, R0, G3
pN1b, R0, G2
pT1c, R0, G3
</options>
You should first think step by step. Then give your final answer exactly as it appears in the options. Your output should be in the following format: 
<thinking> {{YOUR_THOUGHT_PROCESS}} </thinking> 

<answer>
{YOUR_ANSWER}
</answer>","pTis (DCIS), R0, G3",Which of the following best describes the TNM classification for Mrs. Linda Mayer's right breast condition after the surgery on 09/01/2019?,"pTis (DCIS), R0, G2","pTis (DCIS), R0, G3","pN1a, R0, G3","pN1b, R0, G2",B
patient_04_3,,"Please answer the question below about the following patient: ID patient_04, Name: Jill Anderson, Birthday: 1975-07-06 00:00:00, Diagnosis: Pancreatic cancer

<question>
Based on the findings from the CT scan of the chest and abdomen performed on 09/28/21, which of the following statements is TRUE for Mrs. Anderson?
</question>

<options>
There was evidence of distant metastases.
The mass in the pancreatic head was in contact with the SMA (>180°).
Suspicious regional lymph nodes were particularly noted in the anterocaval region.
The liver showed signs of fatty infiltration.
The spleen's vein was involved.
</options>
You should first think step by step. Then give your final answer exactly as it appears in the options. Your output should be in the following format: 
<thinking> {{YOUR_THOUGHT_PROCESS}} </thinking> 

<answer>
{YOUR_ANSWER}
</answer>",The liver showed signs of fatty infiltration.,"Based on the findings from the CT scan of the chest and abdomen performed on 09/28/21, which of the following statements is TRUE for Mrs. Anderson?",There was evidence of distant metastases.,The mass in the pancreatic head was in contact with the SMA (>180°).,Suspicious regional lymph nodes were particularly noted in the anterocaval region.,The liver showed signs of fatty infiltration.,D
patient_03_17,,"Please answer the question below about the following patient: ID patient_03, Name: Mr. John Williams, Birthday: 1956-08-08 00:00:00, Diagnosis: Multiple Myeloma

<question>
Which treatment was administered to Mr. Williams in the period 03/15 - 06/15?
</question>

<options>
Cyclophosphamide–bortezomib–dexamethasone
Carfilzomib/Lenolidomide/Dexamethasone
Stem cell mobilization with cyclophosphamide
Darzalex 16mg/kg
Cyclosporine 200mg daily
</options>
You should first think step by step. Then give your final answer exactly as it appears in the options. Your output should be in the following format: 
<thinking> {{YOUR_THOUGHT_PROCESS}} </thinking> 

<answer>
{YOUR_ANSWER}
</answer>",Carfilzomib/Lenolidomide/Dexamethasone,Which treatment was administered to Mr. Williams in the period 03/15 - 06/15?,Cyclophosphamide–bortezomib–dexamethasone,Carfilzomib/Lenolidomide/Dexamethasone,Stem cell mobilization with cyclophosphamide,Darzalex 16mg/kg,B
patient_10_17,,"Please answer the question below about the following patient: ID patient_10, Name: Peter Rudolph, Birthday: 05/26/1954, Diagnosis: Renal cell carcinoma

<question>
Which immunotherapy was Mr. Rudolph administered from May to September 2020?
</question>

<options>
Pembrolizumab
Atezolizumab
Ipilimumab
Nivolumab
Durvalumab
</options>
You should first think step by step. Then give your final answer exactly as it appears in the options. Your output should be in the following format: 
<thinking> {{YOUR_THOUGHT_PROCESS}} </thinking> 

<answer>
{YOUR_ANSWER}
</answer>",Nivolumab,Which immunotherapy was Mr. Rudolph administered from May to September 2020?,Pembrolizumab,Atezolizumab,Ipilimumab,Nivolumab,D
patient_09_0,,"Please answer the question below about the following patient: ID patient_09, Name: Paul Wells, Birthday: 1953-02-04 00:00:00, Diagnosis: Hepatocellular carcinoma

<question>
What was the size of the echo-depleted mass in Mr. Wells' liver Segment IV as observed during the ultrasound on 07/26/2019?
</question>

<options>
10 x 8 cm
5 x 3 cm
8.3 x 6 cm
12 x 9 cm
6 x 4 cm
</options>
You should first think step by step. Then give your final answer exactly as it appears in the options. Your output should be in the following format: 
<thinking> {{YOUR_THOUGHT_PROCESS}} </thinking> 

<answer>
{YOUR_ANSWER}
</answer>",8.3 x 6 cm,What was the size of the echo-depleted mass in Mr. Wells' liver Segment IV as observed during the ultrasound on 07/26/2019?,10 x 8 cm,5 x 3 cm,8.3 x 6 cm,12 x 9 cm,C
patient_03_13,,"Please answer the question below about the following patient: ID patient_03, Name: Mr. John Williams, Birthday: 1956-08-08 00:00:00, Diagnosis: Multiple Myeloma

<question>
What was the tumor board's decision regarding Mr. John Williams' future therapy on March 3, 2019?
</question>

<options>
Continue with daratumumab, Revlimid, and dexamethasone and undergo stem cell mobilization with autologous stem cell transplant.
Begin treatment with Enantone for prostate carcinoma.
Initiate radiation therapy to Th4 of the rib thorax.
Switch to VelDex due to his renal function.
Continue with carfilzomib, lenalidomide, and dexamethasone.
</options>
You should first think step by step. Then give your final answer exactly as it appears in the options. Your output should be in the following format: 
<thinking> {{YOUR_THOUGHT_PROCESS}} </thinking> 

<answer>
{YOUR_ANSWER}
</answer>","Continue with daratumumab, Revlimid, and dexamethasone and undergo stem cell mobilization with autologous stem cell transplant.","What was the tumor board's decision regarding Mr. John Williams' future therapy on March 3, 2019?","Continue with daratumumab, Revlimid, and dexamethasone and undergo stem cell mobilization with autologous stem cell transplant.",Begin treatment with Enantone for prostate carcinoma.,Initiate radiation therapy to Th4 of the rib thorax.,Switch to VelDex due to his renal function.,A
patient_04_15,,"Please answer the question below about the following patient: ID patient_04, Name: Jill Anderson, Birthday: 1975-07-06 00:00:00, Diagnosis: Pancreatic cancer

<question>
Which medication was prescribed to Mrs. Anderson for her mental health concerns?
</question>

<options>
Diazepam
Paracetamol
Mirtazapine
Novalgin
Cisplatin
</options>
You should first think step by step. Then give your final answer exactly as it appears in the options. Your output should be in the following format: 
<thinking> {{YOUR_THOUGHT_PROCESS}} </thinking> 

<answer>
{YOUR_ANSWER}
</answer>",Mirtazapine,Which medication was prescribed to Mrs. Anderson for her mental health concerns?,Diazepam,Paracetamol,Mirtazapine,Novalgin,C
patient_06_8,,"Please answer the question below about the following patient: ID patient_06, Name: Paul Doe, Birthday: 1965-08-08 00:00:00, Diagnosis: Hypopharynx carcinoma

<question>
Which of the following is an abnormal hematology result for Mr. Paul Doe upon discharge in January 2022?
</question>

<options>
WBC
Lymphocytes
MCH
MCV
Platelets
</options>
You should first think step by step. Then give your final answer exactly as it appears in the options. Your output should be in the following format: 
<thinking> {{YOUR_THOUGHT_PROCESS}} </thinking> 

<answer>
{YOUR_ANSWER}
</answer>",Lymphocytes,Which of the following is an abnormal hematology result for Mr. Paul Doe upon discharge in January 2022?,WBC,Lymphocytes,MCH,MCV,B
patient_07_15,,"Please answer the question below about the following patient: ID patient_07, Name: Linda Mayer, Birthday: 1948-12-01 00:00:00, Diagnosis: Breast carcinoma

<question>
On what date was Mrs. Mayer's tumor board decision made?
</question>

<options>
07.13.19
08.30.12
09.01.19
08.27.19
09.12.19
</options>
You should first think step by step. Then give your final answer exactly as it appears in the options. Your output should be in the following format: 
<thinking> {{YOUR_THOUGHT_PROCESS}} </thinking> 

<answer>
{YOUR_ANSWER}
</answer>",07.13.19,On what date was Mrs. Mayer's tumor board decision made?,07.13.19,08.30.12,09.01.19,08.27.19,A
patient_07_1,,"Please answer the question below about the following patient: ID patient_07, Name: Linda Mayer, Birthday: 1948-12-01 00:00:00, Diagnosis: Breast carcinoma

<question>
What was the size of the lesion identified in Mrs. Linda Mayer's left breast on the MRI from 07/11/2019?
</question>

<options>
6 mm
17 mm
2.2 cm
2.4 cm
7x5mm
</options>
You should first think step by step. Then give your final answer exactly as it appears in the options. Your output should be in the following format: 
<thinking> {{YOUR_THOUGHT_PROCESS}} </thinking> 

<answer>
{YOUR_ANSWER}
</answer>",2.4 cm,What was the size of the lesion identified in Mrs. Linda Mayer's left breast on the MRI from 07/11/2019?,6 mm,17 mm,2.2 cm,2.4 cm,D
patient_08_19,,"Please answer the question below about the following patient: ID patient_08, Name: Laura Miller, Birthday: 1967-03-04 00:00:00, Diagnosis: Liver cirrhosis

<question>
Could you please specify the chronological sequence of the radiology imaging examinations that Mrs. Miller underwent?
</question>

<options>
X-ray thoracic and lumbar spine < CT thoracic spine < Esophagogastroduodenoscopy < abdominal ultrasound < Chest X-ray < Esophagogastroduodenoscopy < abdominal ultrasound < MRI total spine < MRI liver plain < Esophagogastroduodenoscopy < Spine whole < CT Chest/Abdomen/Pelvis < Esophagogastroduodenoscopy
X-ray thoracic and lumbar spine < CT thoracic spine < abdominal ultrasound < Chest X-ray < abdominal ultrasound < MRI total spine < MRI liver plain < Spine whole (X-ray)Thoracix spine < CT Chest/Abdomen/Pelvis
X-ray thoracic and lumbar spine < CT thoracic spine < First abdominal ultrasound < Chest X-ray < Second abdominal ultrasound < MRI total spine < MRI liver plain < CT Chest/Abdomen/Pelvis < Spine whole
Initial X-ray of thoracic and lumbar spine < CT scan of thoracic spine < Abdominal ultrasound - initial examination < Radiographic Chest X-ray < Abdominal ultrasound - follow-up  < Plain MRI of liver < Complete Spine imaging in 2 planes < Total spine MRI < Comprehensive CT of Chest/Abdomen/Pelvis
X-ray thoracic and lumbar spine < CT thoracic spine < MRI liver <  Chest X-ray < abdominal ultrasound < Chest X-ray < abdominal ultrasound < MRI total spine < MRI liver plain < Spine whole (X-ray) < Thoracix spine < CT Chest/Abdomen/Pelvis
</options>
You should first think step by step. Then give your final answer exactly as it appears in the options. Your output should be in the following format: 
<thinking> {{YOUR_THOUGHT_PROCESS}} </thinking> 

<answer>
{YOUR_ANSWER}
</answer>",X-ray thoracic and lumbar spine < CT thoracic spine < MRI liver <  Chest X-ray < abdominal ultrasound < Chest X-ray < abdominal ultrasound < MRI total spine < MRI liver plain < Spine whole (X-ray) < Thoracix spine < CT Chest/Abdomen/Pelvis,Could you please specify the chronological sequence of the radiology imaging examinations that Mrs. Miller underwent?,X-ray thoracic and lumbar spine < CT thoracic spine < Esophagogastroduodenoscopy < abdominal ultrasound < Chest X-ray < Esophagogastroduodenoscopy < abdominal ultrasound < MRI total spine < MRI liver plain < Esophagogastroduodenoscopy < Spine whole < CT Chest/Abdomen/Pelvis < Esophagogastroduodenoscopy,X-ray thoracic and lumbar spine < CT thoracic spine < MRI liver <  Chest X-ray < abdominal ultrasound < Chest X-ray < abdominal ultrasound < MRI total spine < MRI liver plain < Spine whole (X-ray) < Thoracix spine < CT Chest/Abdomen/Pelvis,X-ray thoracic and lumbar spine < CT thoracic spine < First abdominal ultrasound < Chest X-ray < Second abdominal ultrasound < MRI total spine < MRI liver plain < CT Chest/Abdomen/Pelvis < Spine whole,Initial X-ray of thoracic and lumbar spine < CT scan of thoracic spine < Abdominal ultrasound - initial examination < Radiographic Chest X-ray < Abdominal ultrasound - follow-up  < Plain MRI of liver < Complete Spine imaging in 2 planes < Total spine MRI < Comprehensive CT of Chest/Abdomen/Pelvis,B
patient_10_3,,"Please answer the question below about the following patient: ID patient_10, Name: Peter Rudolph, Birthday: 05/26/1954, Diagnosis: Renal cell carcinoma

<question>
How many biopsies were taken in Mr. Rudolph during the ureterorenoscopy?
</question>

<options>
5
6
8
10
12
</options>
You should first think step by step. Then give your final answer exactly as it appears in the options. Your output should be in the following format: 
<thinking> {{YOUR_THOUGHT_PROCESS}} </thinking> 

<answer>
{YOUR_ANSWER}
</answer>",8,How many biopsies were taken in Mr. Rudolph during the ureterorenoscopy?,5,6,8,10,C
patient_04_7,,"Please answer the question below about the following patient: ID patient_04, Name: Jill Anderson, Birthday: 1975-07-06 00:00:00, Diagnosis: Pancreatic cancer

<question>
Which sequence correctly lists radiologic examinations Mrs. Anderson underwent in chronological order?
</question>

<options>
Shoulder X-ray > Right ankle X-ray > Foot X-ray > Chest X-ray > Chest/abdomen/pelvis CT > CT staging > Abdominal MRI > CT staging > Ultrasound
Right ankle X-ray > Foot X-ray > Shoulder X-ray > Chest/abdomen/pelvis CT > Ultrasound > Abdominal MRI > Chest X-ray > CT staging > CT staging
Foot X-ray > Shoulder X-ray > Right ankle X-ray > Chest/abdomen/pelvis CT > Ultrasound > Abdominal MRI  > CT stagings  > Chest X-rays > CT Chest/Abdomen/Pelvis with contrast
Foot X-ray > Chest X-ray > Right ankle X-ray > Ultrasound > Chest/abdomen/pelvis CT > Shoulder X-ray > Abdominal MRI > CT staging > CT staging
Brain MRI > Neck X-ray > Left wrist X-ray > Chest/abdomen CT > Lumbar spine MRI > Pelvic Ultrasound > Head CT staging > Arm CT staging > Spinal X-ray
</options>
You should first think step by step. Then give your final answer exactly as it appears in the options. Your output should be in the following format: 
<thinking> {{YOUR_THOUGHT_PROCESS}} </thinking> 

<answer>
{YOUR_ANSWER}
</answer>",Foot X-ray > Shoulder X-ray > Right ankle X-ray > Chest/abdomen/pelvis CT > Ultrasound > Abdominal MRI  > CT stagings  > Chest X-rays > CT Chest/Abdomen/Pelvis with contrast,Which sequence correctly lists radiologic examinations Mrs. Anderson underwent in chronological order?,Shoulder X-ray > Right ankle X-ray > Foot X-ray > Chest X-ray > Chest/abdomen/pelvis CT > CT staging > Abdominal MRI > CT staging > Ultrasound,Right ankle X-ray > Foot X-ray > Shoulder X-ray > Chest/abdomen/pelvis CT > Ultrasound > Abdominal MRI > Chest X-ray > CT staging > CT staging,Foot X-ray > Shoulder X-ray > Right ankle X-ray > Chest/abdomen/pelvis CT > Ultrasound > Abdominal MRI  > CT stagings  > Chest X-rays > CT Chest/Abdomen/Pelvis with contrast,Foot X-ray > Chest X-ray > Right ankle X-ray > Ultrasound > Chest/abdomen/pelvis CT > Shoulder X-ray > Abdominal MRI > CT staging > CT staging,C
patient_09_9,,"Please answer the question below about the following patient: ID patient_09, Name: Paul Wells, Birthday: 1953-02-04 00:00:00, Diagnosis: Hepatocellular carcinoma

<question>
What condition necessitated Mr. Wells' home oxygen therapy?
</question>

<options>
Asthma
Pulmonary Embolism
Lung Cancer
Pulmonary Emphysema
Tuberculosis
</options>
You should first think step by step. Then give your final answer exactly as it appears in the options. Your output should be in the following format: 
<thinking> {{YOUR_THOUGHT_PROCESS}} </thinking> 

<answer>
{YOUR_ANSWER}
</answer>",Pulmonary Emphysema,What condition necessitated Mr. Wells' home oxygen therapy?,Asthma,Pulmonary Embolism,Lung Cancer,Pulmonary Emphysema,D
patient_03_10,,"Please answer the question below about the following patient: ID patient_03, Name: Mr. John Williams, Birthday: 1956-08-08 00:00:00, Diagnosis: Multiple Myeloma

<question>
Which of these examinations were never performed in Mr. Williams?
</question>

<options>
Whole spine MRI
Ophthalmological exams
Bone marrow aspiration
Echocardiography
Cardiac stress test
</options>
You should first think step by step. Then give your final answer exactly as it appears in the options. Your output should be in the following format: 
<thinking> {{YOUR_THOUGHT_PROCESS}} </thinking> 

<answer>
{YOUR_ANSWER}
</answer>",Cardiac stress test,Which of these examinations were never performed in Mr. Williams?,Cardiac stress test,Ophthalmological exams,Bone marrow aspiration,Echocardiography,A
patient_05_7,,"Please answer the question below about the following patient: ID patient_05, Name: John Miller, Birthday: 1961-07-04 00:00:00, Diagnosis: Cerebral glioblastoma

<question>
Which method was employed for Mr. Miller's radiotherapy?
</question>

<options>
Intensity-modulated radiotherapy
Stereotactic radiosurgery
GammaKnife
Helical tomotherapy
Both a) and d)
</options>
You should first think step by step. Then give your final answer exactly as it appears in the options. Your output should be in the following format: 
<thinking> {{YOUR_THOUGHT_PROCESS}} </thinking> 

<answer>
{YOUR_ANSWER}
</answer>",Both a) and d),Which method was employed for Mr. Miller's radiotherapy?,Intensity-modulated radiotherapy,Stereotactic radiosurgery,GammaKnife,Both a) and d),D
patient_04_9,,"Please answer the question below about the following patient: ID patient_04, Name: Jill Anderson, Birthday: 1975-07-06 00:00:00, Diagnosis: Pancreatic cancer

<question>
Mrs. Anderson's tumor marker Ca19-9 levels in September 2021 were:

</question>

<options>
525 U/ml.
575 U/ml.
380 U/ml.
425 U/ml.
680 U/ml.
</options>
You should first think step by step. Then give your final answer exactly as it appears in the options. Your output should be in the following format: 
<thinking> {{YOUR_THOUGHT_PROCESS}} </thinking> 

<answer>
{YOUR_ANSWER}
</answer>",575 U/ml.,Mrs. Anderson's tumor marker Ca19-9 levels in September 2021 were:,525 U/ml.,575 U/ml.,380 U/ml.,425 U/ml.,B
patient_05_9,,"Please answer the question below about the following patient: ID patient_05, Name: John Miller, Birthday: 1961-07-04 00:00:00, Diagnosis: Cerebral glioblastoma

<question>
Which of the following statements accurately reflects the changes in Mr. John Miller's medication regimen from earlier prescriptions to his last recorded discharge?
</question>

<options>
Levetiracetam, previously prescribed at 1000mg once daily in the morning, was maintained at the same dosage upon discharge.
Lisinopril, initially prescribed at 10mg once daily in the morning, was replaced by Lacosamide 100 mg during discharge.
Sertraline was initially prescribed at 50mg twice daily but was reduced to 50mg daily by regimen upon discharge.
Januvia, initially given at 50 mg twice daily, was discontinued and levothyroxine sodium 50 μg was added.
Both Ezetimibe and Bisoprolol, given at bedtime in the earlier prescription, were combined into a single drug, Acetaminophen 500 mg, which was prescribed to be taken four times daily at discharge.
</options>
You should first think step by step. Then give your final answer exactly as it appears in the options. Your output should be in the following format: 
<thinking> {{YOUR_THOUGHT_PROCESS}} </thinking> 

<answer>
{YOUR_ANSWER}
</answer>","Januvia, initially given at 50 mg twice daily, was discontinued and levothyroxine sodium 50 μg was added.",Which of the following statements accurately reflects the changes in Mr. John Miller's medication regimen from earlier prescriptions to his last recorded discharge?,"Levetiracetam, previously prescribed at 1000mg once daily in the morning, was maintained at the same dosage upon discharge.","Lisinopril, initially prescribed at 10mg once daily in the morning, was replaced by Lacosamide 100 mg during discharge.",Sertraline was initially prescribed at 50mg twice daily but was reduced to 50mg daily by regimen upon discharge.,"Januvia, initially given at 50 mg twice daily, was discontinued and levothyroxine sodium 50 μg was added.",D
patient_10_16,,"Please answer the question below about the following patient: ID patient_10, Name: Peter Rudolph, Birthday: 05/26/1954, Diagnosis: Renal cell carcinoma

<question>
Which chemotherapy regimen was Mr. Rudolph initially treated with after his diagnosis?
</question>

<options>
Doxorubicin and Cyclophosphamide
Fluorouracil and Leucovorin
Methotrexate and Vinblastine
Gemcitabine and Cisplatin
Carboplatin and Paclitaxel
</options>
You should first think step by step. Then give your final answer exactly as it appears in the options. Your output should be in the following format: 
<thinking> {{YOUR_THOUGHT_PROCESS}} </thinking> 

<answer>
{YOUR_ANSWER}
</answer>",Gemcitabine and Cisplatin,Which chemotherapy regimen was Mr. Rudolph initially treated with after his diagnosis?,Doxorubicin and Cyclophosphamide,Fluorouracil and Leucovorin,Methotrexate and Vinblastine,Gemcitabine and Cisplatin,D
patient_06_15,,"Please answer the question below about the following patient: ID patient_06, Name: Paul Doe, Birthday: 1965-08-08 00:00:00, Diagnosis: Hypopharynx carcinoma

<question>
As of the latest report, what was Mr. Doe's weight?
</question>

<options>
75 kg
83 kg
85 kg
86 kg
88 kg
</options>
You should first think step by step. Then give your final answer exactly as it appears in the options. Your output should be in the following format: 
<thinking> {{YOUR_THOUGHT_PROCESS}} </thinking> 

<answer>
{YOUR_ANSWER}
</answer>",86 kg,"As of the latest report, what was Mr. Doe's weight?",75 kg,83 kg,85 kg,86 kg,D
patient_01_19,,"Please answer the question below about the following patient: ID patient_01, Name: Anna Sample, Birthday: 1970-01-01 00:00:00, Diagnosis: DLBCL

<question>
On clinical neurological assessment, Mrs. Sample demonstrated:
</question>

<options>
Intense and persistent spasms in both legs
Mild paraparesis in the right leg
Severe neural abnormalities
Mild paraparesis in the left leg
Complete paralysis of the legs
</options>
You should first think step by step. Then give your final answer exactly as it appears in the options. Your output should be in the following format: 
<thinking> {{YOUR_THOUGHT_PROCESS}} </thinking> 

<answer>
{YOUR_ANSWER}
</answer>",Mild paraparesis in the left leg,"On clinical neurological assessment, Mrs. Sample demonstrated:",Intense and persistent spasms in both legs,Mild paraparesis in the right leg,Severe neural abnormalities,Mild paraparesis in the left leg,D
patient_08_8,,"Please answer the question below about the following patient: ID patient_08, Name: Laura Miller, Birthday: 1967-03-04 00:00:00, Diagnosis: Liver cirrhosis

<question>
What was the size of the largest lesion found in Laura Miller's liver as per the MR Liver plane + contrast agent report from 06/06/2020?
</question>

<options>
106 mm
10.4 cm
41 mm
2.4x3.6x4.4cm
15.9 cm
</options>
You should first think step by step. Then give your final answer exactly as it appears in the options. Your output should be in the following format: 
<thinking> {{YOUR_THOUGHT_PROCESS}} </thinking> 

<answer>
{YOUR_ANSWER}
</answer>",10.4 cm,What was the size of the largest lesion found in Laura Miller's liver as per the MR Liver plane + contrast agent report from 06/06/2020?,106 mm,10.4 cm,41 mm,2.4x3.6x4.4cm,B
patient_05_16,,"Please answer the question below about the following patient: ID patient_05, Name: John Miller, Birthday: 1961-07-04 00:00:00, Diagnosis: Cerebral glioblastoma

<question>
What was the height of Mr. Miller as indicated in one of the reports?
</question>

<options>
169 cm
160 cm
180 cm
175 cm
170 cm
</options>
You should first think step by step. Then give your final answer exactly as it appears in the options. Your output should be in the following format: 
<thinking> {{YOUR_THOUGHT_PROCESS}} </thinking> 

<answer>
{YOUR_ANSWER}
</answer>",175 cm,What was the height of Mr. Miller as indicated in one of the reports?,169 cm,160 cm,180 cm,175 cm,D
patient_05_6,,"Please answer the question below about the following patient: ID patient_05, Name: John Miller, Birthday: 1961-07-04 00:00:00, Diagnosis: Cerebral glioblastoma

<question>
Which of the following medications was increased in dosage during Mr. Miller's therapy?
</question>

<options>
Allopurinol
Bisoprolol
Levetiracetam
Januvia
Lisinopril
</options>
You should first think step by step. Then give your final answer exactly as it appears in the options. Your output should be in the following format: 
<thinking> {{YOUR_THOUGHT_PROCESS}} </thinking> 

<answer>
{YOUR_ANSWER}
</answer>",Levetiracetam,Which of the following medications was increased in dosage during Mr. Miller's therapy?,Allopurinol,Bisoprolol,Levetiracetam,Januvia,C
patient_01_11,,"Please answer the question below about the following patient: ID patient_01, Name: Anna Sample, Birthday: 1970-01-01 00:00:00, Diagnosis: DLBCL

<question>
Mrs. Sample underwent multiple imaging examinations. Which body part could not be assessed in these examinations?
</question>

<options>
Liver
Lungs
Thyroid
Uterus
Feet
</options>
You should first think step by step. Then give your final answer exactly as it appears in the options. Your output should be in the following format: 
<thinking> {{YOUR_THOUGHT_PROCESS}} </thinking> 

<answer>
{YOUR_ANSWER}
</answer>",Feet,Mrs. Sample underwent multiple imaging examinations. Which body part could not be assessed in these examinations?,Liver,Lungs,Thyroid,Feet,D
patient_01_8,,"Please answer the question below about the following patient: ID patient_01, Name: Anna Sample, Birthday: 1970-01-01 00:00:00, Diagnosis: DLBCL

<question>
Mrs. Sample’ medications changed between admission and discharge. Which of the following statements is correct?
</question>

<options>
Aspirin was discontinued.
The patient started taking Pregabalin 50 mg, 1-0-0-0
The dose of Sertraline hydrochloride was increased from 50 mg to 100 mg.
The patient started taking prednisolone and is recommended to continue taking it for the rest of her life.
The patient started taking 2mg of Melatonin in the evening.
</options>
You should first think step by step. Then give your final answer exactly as it appears in the options. Your output should be in the following format: 
<thinking> {{YOUR_THOUGHT_PROCESS}} </thinking> 

<answer>
{YOUR_ANSWER}
</answer>",The patient started taking 2mg of Melatonin in the evening.,Mrs. Sample’ medications changed between admission and discharge. Which of the following statements is correct?,Aspirin was discontinued.,"The patient started taking Pregabalin 50 mg, 1-0-0-0",The dose of Sertraline hydrochloride was increased from 50 mg to 100 mg.,The patient started taking 2mg of Melatonin in the evening.,D
patient_04_0,,"Please answer the question below about the following patient: ID patient_04, Name: Jill Anderson, Birthday: 1975-07-06 00:00:00, Diagnosis: Pancreatic cancer

<question>
When did Mrs. Jill Anderson first notice scleral and cutaneous icterus?
</question>

<options>
July 2021
August 2021
September 2021
October 2021
November 2021
</options>
You should first think step by step. Then give your final answer exactly as it appears in the options. Your output should be in the following format: 
<thinking> {{YOUR_THOUGHT_PROCESS}} </thinking> 

<answer>
{YOUR_ANSWER}
</answer>",August 2021,When did Mrs. Jill Anderson first notice scleral and cutaneous icterus?,July 2021,August 2021,September 2021,October 2021,B
patient_02_13,,"Please answer the question below about the following patient: ID patient_02, Name: Jane Done, Birthday: 1966-01-01 00:00:00, Diagnosis: Melanoma

<question>
What was the initial procedure performed for Mrs. Jane Done in February 2018?
</question>

<options>
Excision of benign nevus on the right shoulder
Excision of malignant melanoma on the left upper back
Biopsy of a mole on the left arm
Microsurgical resection of right frontal tumor
Excision of empyema
</options>
You should first think step by step. Then give your final answer exactly as it appears in the options. Your output should be in the following format: 
<thinking> {{YOUR_THOUGHT_PROCESS}} </thinking> 

<answer>
{YOUR_ANSWER}
</answer>",Excision of malignant melanoma on the left upper back,What was the initial procedure performed for Mrs. Jane Done in February 2018?,Excision of benign nevus on the right shoulder,Excision of malignant melanoma on the left upper back,Biopsy of a mole on the left arm,Microsurgical resection of right frontal tumor,B
patient_09_13,,"Please answer the question below about the following patient: ID patient_09, Name: Paul Wells, Birthday: 1953-02-04 00:00:00, Diagnosis: Hepatocellular carcinoma

<question>
When was Atezolizumab/Bevacizumab first administered to Mr. Wells?
</question>

<options>
07/27/2019
08/24/2019
01/25/2022
08/18/2019
10/26/2021
</options>
You should first think step by step. Then give your final answer exactly as it appears in the options. Your output should be in the following format: 
<thinking> {{YOUR_THOUGHT_PROCESS}} </thinking> 

<answer>
{YOUR_ANSWER}
</answer>",08/24/2019,When was Atezolizumab/Bevacizumab first administered to Mr. Wells?,07/27/2019,08/24/2019,01/25/2022,08/18/2019,B
patient_04_18,,"Please answer the question below about the following patient: ID patient_04, Name: Jill Anderson, Birthday: 1975-07-06 00:00:00, Diagnosis: Pancreatic cancer

<question>
Based on the sequence of interventions and radiologic findings, which of the following statements is accurate regarding Mrs. Anderson's clinical progression?
</question>

<options>
The pathology report confirmed the presence of fungal cells in the pleural fluid prior to the placement of the chest tube on 07/24/2023.
Following the chest tube placement, Mrs. Anderson was maintained on 3 liters of supplemental oxygen, as her SpO2 did not improve.
The pathology report from the pleural puncture sample  diagnosed the fluid as originating from the adrenal mass.
The pleural effusion that was initially drained led to an improvement in oxygen saturation, but was followed by the development of a seropneumothorax, necessitating a chest tube placement.
After the insertion of the chest tube, Mrs. Anderson was immediately prescribed Mirtazapine to aid her mental well-being.
</options>
You should first think step by step. Then give your final answer exactly as it appears in the options. Your output should be in the following format: 
<thinking> {{YOUR_THOUGHT_PROCESS}} </thinking> 

<answer>
{YOUR_ANSWER}
</answer>","The pleural effusion that was initially drained led to an improvement in oxygen saturation, but was followed by the development of a seropneumothorax, necessitating a chest tube placement.","Based on the sequence of interventions and radiologic findings, which of the following statements is accurate regarding Mrs. Anderson's clinical progression?",The pathology report confirmed the presence of fungal cells in the pleural fluid prior to the placement of the chest tube on 07/24/2023.,"Following the chest tube placement, Mrs. Anderson was maintained on 3 liters of supplemental oxygen, as her SpO2 did not improve.",The pathology report from the pleural puncture sample  diagnosed the fluid as originating from the adrenal mass.,"The pleural effusion that was initially drained led to an improvement in oxygen saturation, but was followed by the development of a seropneumothorax, necessitating a chest tube placement.",D
patient_01_4,,"Please answer the question below about the following patient: ID patient_01, Name: Anna Sample, Birthday: 1970-01-01 00:00:00, Diagnosis: DLBCL

<question>
Which therapy regime does the oncology board recommend for Mrs. Sample?
</question>

<options>
5 cycles of T-Pola-RHP
7 cycles of R-Luna-CHT
6 cycles of L-Pola-CRP
6 cycles of R-Pola-CHP
8 cycles of M-Pola-CHZ
</options>
You should first think step by step. Then give your final answer exactly as it appears in the options. Your output should be in the following format: 
<thinking> {{YOUR_THOUGHT_PROCESS}} </thinking> 

<answer>
{YOUR_ANSWER}
</answer>",6 cycles of R-Pola-CHP,Which therapy regime does the oncology board recommend for Mrs. Sample?,5 cycles of T-Pola-RHP,7 cycles of R-Luna-CHT,6 cycles of L-Pola-CRP,6 cycles of R-Pola-CHP,D
patient_06_19,,"Please answer the question below about the following patient: ID patient_06, Name: Paul Doe, Birthday: 1965-08-08 00:00:00, Diagnosis: Hypopharynx carcinoma

<question>
What is the correct order of imaging tests performed for Paul Doe?
</question>

<options>
MRI neck < CT chest/abdomen/pelvis < X-ray swallow < CT neck < ultrasound abdomen < CT chest < chest X-ray < MRI neck < chest X-ray < chest X-ray
CT chest/abdomen/pelvis < CT neck < ultrasound abdomen < X-ray swallow < MRI neck < MRI neck < CT chest < chest X-ray < chest X-ray < chest X-ray
CT neck < MRI neck < ultrasound abdomen < chest X-ray < MRI neck < X-ray swallow < CT chest/abdomen/pelvis < CT chest < chest X-ray < chest X-ray
Chest X-ray < MRI neck < CT chest < X-ray swallow < ultrasound abdomen < CT neck < MRI neck < CT chest/abdomen/pelvis < chest X-ray < chest X-ray
CT chest/abdomen/pelvis < CT neck  < MRI neck < MRI neck < CT chest < ultrasound abdomen < chest X-ray < chest X-ray < chest X-ray
</options>
You should first think step by step. Then give your final answer exactly as it appears in the options. Your output should be in the following format: 
<thinking> {{YOUR_THOUGHT_PROCESS}} </thinking> 

<answer>
{YOUR_ANSWER}
</answer>",CT chest/abdomen/pelvis < CT neck < ultrasound abdomen < X-ray swallow < MRI neck < MRI neck < CT chest < chest X-ray < chest X-ray < chest X-ray,What is the correct order of imaging tests performed for Paul Doe?,MRI neck < CT chest/abdomen/pelvis < X-ray swallow < CT neck < ultrasound abdomen < CT chest < chest X-ray < MRI neck < chest X-ray < chest X-ray,CT chest/abdomen/pelvis < CT neck < ultrasound abdomen < X-ray swallow < MRI neck < MRI neck < CT chest < chest X-ray < chest X-ray < chest X-ray,CT neck < MRI neck < ultrasound abdomen < chest X-ray < MRI neck < X-ray swallow < CT chest/abdomen/pelvis < CT chest < chest X-ray < chest X-ray,Chest X-ray < MRI neck < CT chest < X-ray swallow < ultrasound abdomen < CT neck < MRI neck < CT chest/abdomen/pelvis < chest X-ray < chest X-ray,B
patient_06_5,,"Please answer the question below about the following patient: ID patient_06, Name: Paul Doe, Birthday: 1965-08-08 00:00:00, Diagnosis: Hypopharynx carcinoma

<question>
Regarding Paul Doe, what was the histological size of the metastatic recurrence from the previously known hypopharyngeal carcinoma?
</question>

<options>
1.9 cm
3.9 cm
2.4 cm
2.9 cm
2.2 cm
</options>
You should first think step by step. Then give your final answer exactly as it appears in the options. Your output should be in the following format: 
<thinking> {{YOUR_THOUGHT_PROCESS}} </thinking> 

<answer>
{YOUR_ANSWER}
</answer>",2.9 cm,"Regarding Paul Doe, what was the histological size of the metastatic recurrence from the previously known hypopharyngeal carcinoma?",1.9 cm,3.9 cm,2.4 cm,2.9 cm,D
patient_10_2,,"Please answer the question below about the following patient: ID patient_10, Name: Peter Rudolph, Birthday: 05/26/1954, Diagnosis: Renal cell carcinoma

<question>
What was the date of Mr. Rudolph's diagnostic ureterorenoscopy?
</question>

<options>
01/16/2019
2019-05-03 00:00:00
01/17/2019
03/18/2019
01/16/2020
</options>
You should first think step by step. Then give your final answer exactly as it appears in the options. Your output should be in the following format: 
<thinking> {{YOUR_THOUGHT_PROCESS}} </thinking> 

<answer>
{YOUR_ANSWER}
</answer>",01/16/2019,What was the date of Mr. Rudolph's diagnostic ureterorenoscopy?,01/16/2019,2019-05-03 00:00:00,01/17/2019,03/18/2019,A
patient_07_7,,"Please answer the question below about the following patient: ID patient_07, Name: Linda Mayer, Birthday: 1948-12-01 00:00:00, Diagnosis: Breast carcinoma

<question>
Which bacterial organism was NOT identified in Mrs. Linda Mayer's lesional skin swab?
</question>

<options>
Pseudomonas aeruginosa
MRSA
Klebsiella oxytoca
Serratia sp.
Escherichia coli
</options>
You should first think step by step. Then give your final answer exactly as it appears in the options. Your output should be in the following format: 
<thinking> {{YOUR_THOUGHT_PROCESS}} </thinking> 

<answer>
{YOUR_ANSWER}
</answer>",Escherichia coli,Which bacterial organism was NOT identified in Mrs. Linda Mayer's lesional skin swab?,Escherichia coli,MRSA,Klebsiella oxytoca,Serratia sp.,A
patient_09_17,,"Please answer the question below about the following patient: ID patient_09, Name: Paul Wells, Birthday: 1953-02-04 00:00:00, Diagnosis: Hepatocellular carcinoma

<question>
Which of the following sequences correctly represents the chronological order of the first set of diagnostic procedures following Mr. Wells' admission on 07/26/2019?
</question>

<options>
Ultrasound-guided liver puncture, MRI Liver, CT Thorax/Abdomen/Pelvis
MRI Liver, Ultrasound-guided liver puncture, Gastroscopy
Ultrasound-guided liver puncture, Gastroscopy, MRI Liver
MRI Liver, CT Thorax/Abdomen/Pelvis, Ultrasound-guided liver puncture
Gastroscopy, Ultrasound-guided liver puncture, MRI Liver
</options>
You should first think step by step. Then give your final answer exactly as it appears in the options. Your output should be in the following format: 
<thinking> {{YOUR_THOUGHT_PROCESS}} </thinking> 

<answer>
{YOUR_ANSWER}
</answer>","Ultrasound-guided liver puncture, MRI Liver, CT Thorax/Abdomen/Pelvis",Which of the following sequences correctly represents the chronological order of the first set of diagnostic procedures following Mr. Wells' admission on 07/26/2019?,"Ultrasound-guided liver puncture, MRI Liver, CT Thorax/Abdomen/Pelvis","MRI Liver, Ultrasound-guided liver puncture, Gastroscopy","Ultrasound-guided liver puncture, Gastroscopy, MRI Liver","MRI Liver, CT Thorax/Abdomen/Pelvis, Ultrasound-guided liver puncture",A
patient_02_10,,"Please answer the question below about the following patient: ID patient_02, Name: Jane Done, Birthday: 1966-01-01 00:00:00, Diagnosis: Melanoma

<question>
According to the macroscopy report section in Mrs. Done, what was the closest approach of the resection margins to the tumor?
</question>

<options>
Less than 0.05 cm
Less than 0.15 cm
Less than 0.25 cm
Less than 0.30 cm
This information was not provided
</options>
You should first think step by step. Then give your final answer exactly as it appears in the options. Your output should be in the following format: 
<thinking> {{YOUR_THOUGHT_PROCESS}} </thinking> 

<answer>
{YOUR_ANSWER}
</answer>",Less than 0.15 cm,"According to the macroscopy report section in Mrs. Done, what was the closest approach of the resection margins to the tumor?",Less than 0.05 cm,Less than 0.15 cm,Less than 0.25 cm,Less than 0.30 cm,B
patient_10_6,,"Please answer the question below about the following patient: ID patient_10, Name: Peter Rudolph, Birthday: 05/26/1954, Diagnosis: Renal cell carcinoma

<question>
Regarding Mr. Rudolph, what was the date of the cytological report?
</question>

<options>
01/12/2019
01/16/2019
02/01/2019
03/05/2019
03/20/2019
</options>
You should first think step by step. Then give your final answer exactly as it appears in the options. Your output should be in the following format: 
<thinking> {{YOUR_THOUGHT_PROCESS}} </thinking> 

<answer>
{YOUR_ANSWER}
</answer>",01/16/2019,"Regarding Mr. Rudolph, what was the date of the cytological report?",01/12/2019,01/16/2019,02/01/2019,03/05/2019,B
patient_03_0,,"Please answer the question below about the following patient: ID patient_03, Name: Mr. John Williams, Birthday: 1956-08-08 00:00:00, Diagnosis: Multiple Myeloma

<question>
Where was osteolysis detected in Mr. John Williams in October 2015?
</question>

<options>
First cervical vertebra
Seventh thoracic vertebra
First lumbar vertebra
B and C
Fourth thoracic vertebra
</options>
You should first think step by step. Then give your final answer exactly as it appears in the options. Your output should be in the following format: 
<thinking> {{YOUR_THOUGHT_PROCESS}} </thinking> 

<answer>
{YOUR_ANSWER}
</answer>",B and C,Where was osteolysis detected in Mr. John Williams in October 2015?,First cervical vertebra,Seventh thoracic vertebra,First lumbar vertebra,B and C,D
patient_03_9,,"Please answer the question below about the following patient: ID patient_03, Name: Mr. John Williams, Birthday: 1956-08-08 00:00:00, Diagnosis: Multiple Myeloma

<question>
Considering Mr. John Williams's treatment journey for his Multiple Myeloma condition, which of the following sequences regarding his treatment chronology is correct?
</question>

<options>
Started with Bortezomib and Dexamethasone in 2018, switched to Carfilzomib, Lenalidomide, and Dexamethasone, received radiation to Th4 and the thoracic rib in August 2018, and then underwent stem cell mobilization in March 2019.
Received radiation to Th4 and the thoracic rib in August 2018, underwent three cycles of Pomalidomide, Doxorubicin, and Dexamethasone between August and October 2018, and then received four treatments of Daratumumab, Lenalidomide, and Dexamethasone from November 2018 to February 2019.
Received four treatments of Daratumumab, Lenalidomide, and Dexamethasone from November 2018 to February 2019, paused Daratumumab in November 2019 due to remission, and then escalated therapy to include Daratumumab, Revlimid, and Dexamethasone in July 2020.
Started with Carfilzomib, Lenalidomide, and Dexamethasone in 2018, underwent stem cell mobilization in March 2019 due to RSV pneumonia complications, and then paused Daratumumab in November 2019 due to remission.
Underwent three cycles of Pomalidomide, Doxorubicin, and Dexamethasone between August and October 2018, received four treatments of Daratumumab, Lenalidomide, and Dexamethasone from November 2018 to February 2019, and then paused Daratumumab until March 2020 due to remission and a diagnosis of endocarditis.
</options>
You should first think step by step. Then give your final answer exactly as it appears in the options. Your output should be in the following format: 
<thinking> {{YOUR_THOUGHT_PROCESS}} </thinking> 

<answer>
{YOUR_ANSWER}
</answer>","Received radiation to Th4 and the thoracic rib in August 2018, underwent three cycles of Pomalidomide, Doxorubicin, and Dexamethasone between August and October 2018, and then received four treatments of Daratumumab, Lenalidomide, and Dexamethasone from November 2018 to February 2019.","Considering Mr. John Williams's treatment journey for his Multiple Myeloma condition, which of the following sequences regarding his treatment chronology is correct?","Started with Bortezomib and Dexamethasone in 2018, switched to Carfilzomib, Lenalidomide, and Dexamethasone, received radiation to Th4 and the thoracic rib in August 2018, and then underwent stem cell mobilization in March 2019.","Received radiation to Th4 and the thoracic rib in August 2018, underwent three cycles of Pomalidomide, Doxorubicin, and Dexamethasone between August and October 2018, and then received four treatments of Daratumumab, Lenalidomide, and Dexamethasone from November 2018 to February 2019.","Received four treatments of Daratumumab, Lenalidomide, and Dexamethasone from November 2018 to February 2019, paused Daratumumab in November 2019 due to remission, and then escalated therapy to include Daratumumab, Revlimid, and Dexamethasone in July 2020.","Started with Carfilzomib, Lenalidomide, and Dexamethasone in 2018, underwent stem cell mobilization in March 2019 due to RSV pneumonia complications, and then paused Daratumumab in November 2019 due to remission.",B
patient_09_18,,"Please answer the question below about the following patient: ID patient_09, Name: Paul Wells, Birthday: 1953-02-04 00:00:00, Diagnosis: Hepatocellular carcinoma

<question>
Regarding the therapeutic approach to Mr. Wells' HCC, what was the primary reason for the intermittent pause and resumption of Atezolizumab/Bevacizumab therapy?
</question>

<options>
Progression of HCC as noted in follow-up imaging studies
Development of pulmonary complications requiring steroid therapy
Detection of Streptococcus pneumoniae in sputum cultures
Fluctuations in liver function tests indicating possible drug-induced hepatitis
The patient's personal preference after experiencing side effects
</options>
You should first think step by step. Then give your final answer exactly as it appears in the options. Your output should be in the following format: 
<thinking> {{YOUR_THOUGHT_PROCESS}} </thinking> 

<answer>
{YOUR_ANSWER}
</answer>",Fluctuations in liver function tests indicating possible drug-induced hepatitis,"Regarding the therapeutic approach to Mr. Wells' HCC, what was the primary reason for the intermittent pause and resumption of Atezolizumab/Bevacizumab therapy?",Progression of HCC as noted in follow-up imaging studies,Development of pulmonary complications requiring steroid therapy,Detection of Streptococcus pneumoniae in sputum cultures,Fluctuations in liver function tests indicating possible drug-induced hepatitis,D
patient_04_16,,"Please answer the question below about the following patient: ID patient_04, Name: Jill Anderson, Birthday: 1975-07-06 00:00:00, Diagnosis: Pancreatic cancer

<question>
As of her discharge in September 2023, how was Mrs. Anderson's pleural effusion status?
</question>

<options>
Slightly increased at around 200-300ml/day but clinically stable
Slightly increased at around 100-200ml/day but clinically stable
Drastically improved with no evidence of fluid
Required another round of drainage before discharge
Developed into a bilateral effusion
</options>
You should first think step by step. Then give your final answer exactly as it appears in the options. Your output should be in the following format: 
<thinking> {{YOUR_THOUGHT_PROCESS}} </thinking> 

<answer>
{YOUR_ANSWER}
</answer>",Slightly increased at around 100-200ml/day but clinically stable,"As of her discharge in September 2023, how was Mrs. Anderson's pleural effusion status?",Slightly increased at around 200-300ml/day but clinically stable,Slightly increased at around 100-200ml/day but clinically stable,Drastically improved with no evidence of fluid,Required another round of drainage before discharge,B
patient_08_17,,"Please answer the question below about the following patient: ID patient_08, Name: Laura Miller, Birthday: 1967-03-04 00:00:00, Diagnosis: Liver cirrhosis

<question>
As of the consultation on 06/08/2020, what was Mrs. Miller's nutritional status?
</question>

<options>
Overweight
Underweight
Protein malnutrition
Adequate nutrition
Not assessed
</options>
You should first think step by step. Then give your final answer exactly as it appears in the options. Your output should be in the following format: 
<thinking> {{YOUR_THOUGHT_PROCESS}} </thinking> 

<answer>
{YOUR_ANSWER}
</answer>",Protein malnutrition,"As of the consultation on 06/08/2020, what was Mrs. Miller's nutritional status?",Overweight,Underweight,Protein malnutrition,Adequate nutrition,C
patient_09_1,,"Please answer the question below about the following patient: ID patient_09, Name: Paul Wells, Birthday: 1953-02-04 00:00:00, Diagnosis: Hepatocellular carcinoma

<question>
On Mr. Wells' MRI of the liver taken on 07/26/2019, what characteristics were noted in the hepatic masses?
</question>

<options>
T1 hyperintensity and venous phase enhancement
T2 hyperintensity, marked diffusion restriction, arterial phase enhancement, and venous phase washout
T2 hyperintensity, marked diffusion restriction, no visible arterial phase enhancement, and venous phase washout
Solid appearance with no significant enhancement
T1 hypointensity and no washout
</options>
You should first think step by step. Then give your final answer exactly as it appears in the options. Your output should be in the following format: 
<thinking> {{YOUR_THOUGHT_PROCESS}} </thinking> 

<answer>
{YOUR_ANSWER}
</answer>","T2 hyperintensity, marked diffusion restriction, arterial phase enhancement, and venous phase washout","On Mr. Wells' MRI of the liver taken on 07/26/2019, what characteristics were noted in the hepatic masses?",T1 hyperintensity and venous phase enhancement,"T2 hyperintensity, marked diffusion restriction, arterial phase enhancement, and venous phase washout","T2 hyperintensity, marked diffusion restriction, no visible arterial phase enhancement, and venous phase washout",Solid appearance with no significant enhancement,B
patient_04_13,,"Please answer the question below about the following patient: ID patient_04, Name: Jill Anderson, Birthday: 1975-07-06 00:00:00, Diagnosis: Pancreatic cancer

<question>
Regarding Mrs. Anderson, which is NOT a finding from the CT scan dated 12/02/2022?
</question>

<options>
Pancreatic tumor decreasing in size
Suspicious pulmonary nodules
Fatty liver
Elongation of the right iliac artery
No new liver lesions
</options>
You should first think step by step. Then give your final answer exactly as it appears in the options. Your output should be in the following format: 
<thinking> {{YOUR_THOUGHT_PROCESS}} </thinking> 

<answer>
{YOUR_ANSWER}
</answer>",Suspicious pulmonary nodules,"Regarding Mrs. Anderson, which is NOT a finding from the CT scan dated 12/02/2022?",Pancreatic tumor decreasing in size,Suspicious pulmonary nodules,Fatty liver,Elongation of the right iliac artery,B
patient_09_4,,"Please answer the question below about the following patient: ID patient_09, Name: Paul Wells, Birthday: 1953-02-04 00:00:00, Diagnosis: Hepatocellular carcinoma

<question>
Which of the following complications did Mr. Wells not experience after the administration of Atezolizumab/Bevacizumab?
</question>

<options>
High blood pressure
Elevated transaminases
Worsening pulmonary status
Severe pneumonic sepsis
Oral burning
</options>
You should first think step by step. Then give your final answer exactly as it appears in the options. Your output should be in the following format: 
<thinking> {{YOUR_THOUGHT_PROCESS}} </thinking> 

<answer>
{YOUR_ANSWER}
</answer>",High blood pressure,Which of the following complications did Mr. Wells not experience after the administration of Atezolizumab/Bevacizumab?,High blood pressure,Elevated transaminases,Worsening pulmonary status,Severe pneumonic sepsis,A
patient_08_11,,"Please answer the question below about the following patient: ID patient_08, Name: Laura Miller, Birthday: 1967-03-04 00:00:00, Diagnosis: Liver cirrhosis

<question>
On what date was a CT scan of the chest/abdomen/pelvis with contrast agent performed in Laura Miller?
</question>

<options>
May 28th 2020
June 13th 2020
June 18th 2020
June 15th 2020
June 19th 2020
</options>
You should first think step by step. Then give your final answer exactly as it appears in the options. Your output should be in the following format: 
<thinking> {{YOUR_THOUGHT_PROCESS}} </thinking> 

<answer>
{YOUR_ANSWER}
</answer>",June 18th 2020,On what date was a CT scan of the chest/abdomen/pelvis with contrast agent performed in Laura Miller?,May 28th 2020,June 13th 2020,June 18th 2020,June 15th 2020,C
patient_02_11,,"Please answer the question below about the following patient: ID patient_02, Name: Jane Done, Birthday: 1966-01-01 00:00:00, Diagnosis: Melanoma

<question>
Based on the discharge letter, which of the following statements best represents Mrs. Jane Done's SARS-CoV-2 status and its trend during her hospitalization?
</question>

<options>
Her viral load increased while Ct values decreased from admission to discharge.
Both her viral load and Ct values remained unchanged during her hospital stay.
Her viral load decreased, but Ct values remained the same from admission to discharge.
Both her viral load and Ct values decreased from admission to discharge.
Her viral load and Ct values both increased from admission to discharge.
</options>
You should first think step by step. Then give your final answer exactly as it appears in the options. Your output should be in the following format: 
<thinking> {{YOUR_THOUGHT_PROCESS}} </thinking> 

<answer>
{YOUR_ANSWER}
</answer>","Her viral load decreased, but Ct values remained the same from admission to discharge.","Based on the discharge letter, which of the following statements best represents Mrs. Jane Done's SARS-CoV-2 status and its trend during her hospitalization?",Her viral load increased while Ct values decreased from admission to discharge.,Both her viral load and Ct values remained unchanged during her hospital stay.,"Her viral load decreased, but Ct values remained the same from admission to discharge.",Both her viral load and Ct values decreased from admission to discharge.,C
patient_04_14,,"Please answer the question below about the following patient: ID patient_04, Name: Jill Anderson, Birthday: 1975-07-06 00:00:00, Diagnosis: Pancreatic cancer

<question>
What was the diagnosis for Mrs. Anderson during her inpatient treatment from 07/20/2023 to 09/12/2023?
</question>

<options>
Seropneumothorax due to a clot at the port tip
Seropneumothorax due to lung metastasis from pancreatic carcinoma
Seropneumothorax secondary to punction of a malignant pleural effusion with progressive pulmonary metastasis of a pancreatic head carcinoma
Pneumothorax due to lung metastasis from pancreatic carcinoma
Seropneumothorax due to gemcitabine toxicity
</options>
You should first think step by step. Then give your final answer exactly as it appears in the options. Your output should be in the following format: 
<thinking> {{YOUR_THOUGHT_PROCESS}} </thinking> 

<answer>
{YOUR_ANSWER}
</answer>",Seropneumothorax secondary to punction of a malignant pleural effusion with progressive pulmonary metastasis of a pancreatic head carcinoma,What was the diagnosis for Mrs. Anderson during her inpatient treatment from 07/20/2023 to 09/12/2023?,Seropneumothorax due to a clot at the port tip,Seropneumothorax due to lung metastasis from pancreatic carcinoma,Seropneumothorax secondary to punction of a malignant pleural effusion with progressive pulmonary metastasis of a pancreatic head carcinoma,Pneumothorax due to lung metastasis from pancreatic carcinoma,C
patient_10_11,,"Please answer the question below about the following patient: ID patient_10, Name: Peter Rudolph, Birthday: 05/26/1954, Diagnosis: Renal cell carcinoma

<question>
As of the latest update, which therapy has NOT been administered to Mr. Rudolph?
</question>

<options>
Gemcitabine/Cisplatin
Nivolumab
Immunotherapy
Enfortumab Vedotin
Chemotherapy with Vinflunin
</options>
You should first think step by step. Then give your final answer exactly as it appears in the options. Your output should be in the following format: 
<thinking> {{YOUR_THOUGHT_PROCESS}} </thinking> 

<answer>
{YOUR_ANSWER}
</answer>",Enfortumab Vedotin,"As of the latest update, which therapy has NOT been administered to Mr. Rudolph?",Gemcitabine/Cisplatin,Nivolumab,Immunotherapy,Enfortumab Vedotin,D
patient_02_7,,"Please answer the question below about the following patient: ID patient_02, Name: Jane Done, Birthday: 1966-01-01 00:00:00, Diagnosis: Melanoma

<question>
According to the most recent PET-CT findings in Mrs. Done, what is the Standard Uptake Value (SUVmax) of the lesion abutting the lateral wall of the left ventricle?
</question>

<options>
7.4
8.8
9.5
8.2
7.1
</options>
You should first think step by step. Then give your final answer exactly as it appears in the options. Your output should be in the following format: 
<thinking> {{YOUR_THOUGHT_PROCESS}} </thinking> 

<answer>
{YOUR_ANSWER}
</answer>",9.5,"According to the most recent PET-CT findings in Mrs. Done, what is the Standard Uptake Value (SUVmax) of the lesion abutting the lateral wall of the left ventricle?",7.4,8.8,9.5,8.2,C
patient_07_5,,"Please answer the question below about the following patient: ID patient_07, Name: Linda Mayer, Birthday: 1948-12-01 00:00:00, Diagnosis: Breast carcinoma

<question>
Based on Linda Mayer's lab results in September 2019, which parameter indicates an abnormal finding?
</question>

<options>
Hemoglobin level
Sodium level
Albumin level
Creatinine level
25-OH-Vitamin D3 level
</options>
You should first think step by step. Then give your final answer exactly as it appears in the options. Your output should be in the following format: 
<thinking> {{YOUR_THOUGHT_PROCESS}} </thinking> 

<answer>
{YOUR_ANSWER}
</answer>",Hemoglobin level,"Based on Linda Mayer's lab results in September 2019, which parameter indicates an abnormal finding?",Hemoglobin level,Sodium level,Albumin level,Creatinine level,A
patient_10_18,,"Please answer the question below about the following patient: ID patient_10, Name: Peter Rudolph, Birthday: 05/26/1954, Diagnosis: Renal cell carcinoma

<question>
How did Mr. Rudolph's medication plan change between 06/29/2021 and 02/22/2022?
</question>

<options>
Pantoprazole and Prednisolone were removed from the medication plan.
Pantoprazole and Aspirin were removed from the medication plan.
Pantoprazole was added to the medication plan.
Bisoprolol was added to the medication plan.
Pantoprazole and Bisoprolol were removed from the medication plan.
</options>
You should first think step by step. Then give your final answer exactly as it appears in the options. Your output should be in the following format: 
<thinking> {{YOUR_THOUGHT_PROCESS}} </thinking> 

<answer>
{YOUR_ANSWER}
</answer>",Pantoprazole and Prednisolone were removed from the medication plan.,How did Mr. Rudolph's medication plan change between 06/29/2021 and 02/22/2022?,Pantoprazole and Prednisolone were removed from the medication plan.,Pantoprazole and Aspirin were removed from the medication plan.,Pantoprazole was added to the medication plan.,Bisoprolol was added to the medication plan.,A
patient_05_1,,"Please answer the question below about the following patient: ID patient_05, Name: John Miller, Birthday: 1961-07-04 00:00:00, Diagnosis: Cerebral glioblastoma

<question>
When was the recurrence of Mr. Miller's glioblastoma resected?
</question>

<options>
08/15/19
08/01/19
08/11/19
10/12/19
12/01/19
</options>
You should first think step by step. Then give your final answer exactly as it appears in the options. Your output should be in the following format: 
<thinking> {{YOUR_THOUGHT_PROCESS}} </thinking> 

<answer>
{YOUR_ANSWER}
</answer>",10/12/19,When was the recurrence of Mr. Miller's glioblastoma resected?,08/15/19,08/01/19,08/11/19,10/12/19,D
patient_02_0,,"Please answer the question below about the following patient: ID patient_02, Name: Jane Done, Birthday: 1966-01-01 00:00:00, Diagnosis: Melanoma

<question>
What is the tumor proportion score (TPS) for PD-L1 status in Mrs. Done?
</question>

<options>
0.02
<1%
>1%
TPS not available
0.03
</options>
You should first think step by step. Then give your final answer exactly as it appears in the options. Your output should be in the following format: 
<thinking> {{YOUR_THOUGHT_PROCESS}} </thinking> 

<answer>
{YOUR_ANSWER}
</answer>",<1%,What is the tumor proportion score (TPS) for PD-L1 status in Mrs. Done?,0.02,<1%,>1%,TPS not available,B
patient_08_15,,"Please answer the question below about the following patient: ID patient_08, Name: Laura Miller, Birthday: 1967-03-04 00:00:00, Diagnosis: Liver cirrhosis

<question>
What was Mrs. Miller's condition upon admission for inpatient care from 09/18/2020 to 09/20/2020?
</question>

<options>
Decompensated cirrhosis of the liver
Transfusion-dependent anemia
Arterial hypertension
Residual esophageal varices post banding therapy
All of the above
</options>
You should first think step by step. Then give your final answer exactly as it appears in the options. Your output should be in the following format: 
<thinking> {{YOUR_THOUGHT_PROCESS}} </thinking> 

<answer>
{YOUR_ANSWER}
</answer>",All of the above,What was Mrs. Miller's condition upon admission for inpatient care from 09/18/2020 to 09/20/2020?,All of the above,Transfusion-dependent anemia,Arterial hypertension,Residual esophageal varices post banding therapy,A
patient_06_14,,"Please answer the question below about the following patient: ID patient_06, Name: Paul Doe, Birthday: 1965-08-08 00:00:00, Diagnosis: Hypopharynx carcinoma

<question>
As per Mr. Doe's reports, how long ago was the adjuvant radiotherapy completed before the issue with the Provox voice prosthesis arose?
</question>

<options>
Immediately
2 weeks
4 weeks
6 weeks
8 weeks
</options>
You should first think step by step. Then give your final answer exactly as it appears in the options. Your output should be in the following format: 
<thinking> {{YOUR_THOUGHT_PROCESS}} </thinking> 

<answer>
{YOUR_ANSWER}
</answer>",6 weeks,"As per Mr. Doe's reports, how long ago was the adjuvant radiotherapy completed before the issue with the Provox voice prosthesis arose?",Immediately,2 weeks,4 weeks,6 weeks,D
patient_07_19,,"Please answer the question below about the following patient: ID patient_07, Name: Linda Mayer, Birthday: 1948-12-01 00:00:00, Diagnosis: Breast carcinoma

<question>
Could you please specify the chronological sequence of the radiological imaging procedures that Mrs. Mayer underwent?
</question>

<options>
Breast MRI < mammography < chest CT < digital mammography
Mammography and Tomosynthesis < Breast MRI < CT chest and abdomen < Digital Mammography
Mammography and Tomosynthesis < CT chest and abdomen < Breast MRI < Digital Mammography
Mammography and Tomosynthesis < Digital Mammography< CT chest and abdomen < Breast MRI
Mammography and Tomosynthesis < Digital Mammography < Breast MRI < CT chest and abdomen <
</options>
You should first think step by step. Then give your final answer exactly as it appears in the options. Your output should be in the following format: 
<thinking> {{YOUR_THOUGHT_PROCESS}} </thinking> 

<answer>
{YOUR_ANSWER}
</answer>",Mammography and Tomosynthesis < Breast MRI < CT chest and abdomen < Digital Mammography,Could you please specify the chronological sequence of the radiological imaging procedures that Mrs. Mayer underwent?,Breast MRI < mammography < chest CT < digital mammography,Mammography and Tomosynthesis < Breast MRI < CT chest and abdomen < Digital Mammography,Mammography and Tomosynthesis < CT chest and abdomen < Breast MRI < Digital Mammography,Mammography and Tomosynthesis < Digital Mammography< CT chest and abdomen < Breast MRI,B
patient_02_16,,"Please answer the question below about the following patient: ID patient_02, Name: Jane Done, Birthday: 1966-01-01 00:00:00, Diagnosis: Melanoma

<question>
Following Mrs. Done's microsurgical resection on 01/02/2020, what did the MRI brain report dated 01/04/2020 primarily indicate about the surgical site?
</question>

<options>
Evidence of residual tumor in the surgical bed
Hydrocephalus and midline shift
Evidence of new metastatic foci
Post-surgical changes with no evidence of residual tumor
Post-surgical abscess formation
</options>
You should first think step by step. Then give your final answer exactly as it appears in the options. Your output should be in the following format: 
<thinking> {{YOUR_THOUGHT_PROCESS}} </thinking> 

<answer>
{YOUR_ANSWER}
</answer>",Post-surgical changes with no evidence of residual tumor,"Following Mrs. Done's microsurgical resection on 01/02/2020, what did the MRI brain report dated 01/04/2020 primarily indicate about the surgical site?",Evidence of residual tumor in the surgical bed,Hydrocephalus and midline shift,Evidence of new metastatic foci,Post-surgical changes with no evidence of residual tumor,D
patient_04_1,,"Please answer the question below about the following patient: ID patient_04, Name: Jill Anderson, Birthday: 1975-07-06 00:00:00, Diagnosis: Pancreatic cancer

<question>
Which of the following diagnoses was Mrs. Anderson NOT associated with during her visits in the described records?
</question>

<options>
Luxation of the shoulder joint
Fracture tuberculum majus humeri
Ankle sprain on the right side
Mild skin itching
Fracture of the right wrist
</options>
You should first think step by step. Then give your final answer exactly as it appears in the options. Your output should be in the following format: 
<thinking> {{YOUR_THOUGHT_PROCESS}} </thinking> 

<answer>
{YOUR_ANSWER}
</answer>",Fracture of the right wrist,Which of the following diagnoses was Mrs. Anderson NOT associated with during her visits in the described records?,Fracture of the right wrist,Fracture tuberculum majus humeri,Ankle sprain on the right side,Mild skin itching,A
patient_03_16,,"Please answer the question below about the following patient: ID patient_03, Name: Mr. John Williams, Birthday: 1956-08-08 00:00:00, Diagnosis: Multiple Myeloma

<question>
What was NOT observed in Mr. Williams' bone marrow biopsy microscopic examination?
</question>

<options>
Increased erythropoiesis
Enhanced hemosiderosis
Evidence of bone marrow edema
Atypical proliferation of plasma cells
Normocellular medullary canals
</options>
You should first think step by step. Then give your final answer exactly as it appears in the options. Your output should be in the following format: 
<thinking> {{YOUR_THOUGHT_PROCESS}} </thinking> 

<answer>
{YOUR_ANSWER}
</answer>",Atypical proliferation of plasma cells,What was NOT observed in Mr. Williams' bone marrow biopsy microscopic examination?,Increased erythropoiesis,Enhanced hemosiderosis,Evidence of bone marrow edema,Atypical proliferation of plasma cells,D
patient_08_5,,"Please answer the question below about the following patient: ID patient_08, Name: Laura Miller, Birthday: 1967-03-04 00:00:00, Diagnosis: Liver cirrhosis

<question>
On which date was the thoracic spine kyphoplasty performed in Laura Miller?
</question>

<options>
06/13/2020
06/14/2020
06/15/2020
06/18/2020
06/19/2020
</options>
You should first think step by step. Then give your final answer exactly as it appears in the options. Your output should be in the following format: 
<thinking> {{YOUR_THOUGHT_PROCESS}} </thinking> 

<answer>
{YOUR_ANSWER}
</answer>",06/14/2020,On which date was the thoracic spine kyphoplasty performed in Laura Miller?,06/13/2020,06/14/2020,06/15/2020,06/18/2020,B
patient_03_8,,"Please answer the question below about the following patient: ID patient_03, Name: Mr. John Williams, Birthday: 1956-08-08 00:00:00, Diagnosis: Multiple Myeloma

<question>
Which sequence of events, as presented in Mr. Williams's detailed medical report, is accurate?
</question>

<options>
Mitral valve reconstruction via minithoracotomy in 2015, multiple myeloma diagnosis in 2015, prostate carcinoma diagnosis in January 2018, followed by brainstem transient ischemic attack (TIA) in March 2020.
Multiple myeloma diagnosis in 2015, acute mitral valve endocarditis in March 2020, mitral valve reconstruction in 2015, followed by prostate carcinoma diagnosis in January 2018.
Mitral valve endocarditis in March 2020, prostate carcinoma diagnosis in January 2018, mitral valve reconstruction in 2015, followed by the first diagnosis of multiple myeloma in 2015.
Prostate carcinoma diagnosis in January 2018, acute mitral valve endocarditis in March 2020, multiple myeloma diagnosis in 2015, followed by mitral valve reconstruction in 2015.
First diagnosis of multiple myeloma in 2015, mitral valve reconstruction in 2015, prostate carcinoma diagnosis in January 2018, and then acute mitral valve endocarditis in March 2020.
</options>
You should first think step by step. Then give your final answer exactly as it appears in the options. Your output should be in the following format: 
<thinking> {{YOUR_THOUGHT_PROCESS}} </thinking> 

<answer>
{YOUR_ANSWER}
</answer>","First diagnosis of multiple myeloma in 2015, mitral valve reconstruction in 2015, prostate carcinoma diagnosis in January 2018, and then acute mitral valve endocarditis in March 2020.","Which sequence of events, as presented in Mr. Williams's detailed medical report, is accurate?","First diagnosis of multiple myeloma in 2015, mitral valve reconstruction in 2015, prostate carcinoma diagnosis in January 2018, and then acute mitral valve endocarditis in March 2020.","Multiple myeloma diagnosis in 2015, acute mitral valve endocarditis in March 2020, mitral valve reconstruction in 2015, followed by prostate carcinoma diagnosis in January 2018.","Mitral valve endocarditis in March 2020, prostate carcinoma diagnosis in January 2018, mitral valve reconstruction in 2015, followed by the first diagnosis of multiple myeloma in 2015.","Prostate carcinoma diagnosis in January 2018, acute mitral valve endocarditis in March 2020, multiple myeloma diagnosis in 2015, followed by mitral valve reconstruction in 2015.",A
patient_01_16,,"Please answer the question below about the following patient: ID patient_01, Name: Anna Sample, Birthday: 1970-01-01 00:00:00, Diagnosis: DLBCL

<question>
Based on the Immunohistochemical processing results from 01/06/2017, which of the following is true for Mrs. Sample? 
</question>

<options>
Blastic tumor cells showed a negative reaction to MUM1.
There was a positive reaction to both ALK1 and TdT.
CD68-positive macrophages were absent in the sample.
The epidural tumor was identified as a non-aggressive form of lymphoma.
The blastic tumor cells were positive for MUM1.
</options>
You should first think step by step. Then give your final answer exactly as it appears in the options. Your output should be in the following format: 
<thinking> {{YOUR_THOUGHT_PROCESS}} </thinking> 

<answer>
{YOUR_ANSWER}
</answer>",The blastic tumor cells were positive for MUM1.,"Based on the Immunohistochemical processing results from 01/06/2017, which of the following is true for Mrs. Sample?",The blastic tumor cells were positive for MUM1.,There was a positive reaction to both ALK1 and TdT.,CD68-positive macrophages were absent in the sample.,The epidural tumor was identified as a non-aggressive form of lymphoma.,A
patient_05_3,,"Please answer the question below about the following patient: ID patient_05, Name: John Miller, Birthday: 1961-07-04 00:00:00, Diagnosis: Cerebral glioblastoma

<question>
Regarding Mr. Miller, based on the findings from the CT scan of the chest and abdomen performed on 09/28/21, which of the following statements is TRUE?
</question>

<options>
5 hours 10 minutes
6 hours 10 minutes
4 hours 10 minutes
3 hours 50 minutes
4 hours 30 minutes
</options>
You should first think step by step. Then give your final answer exactly as it appears in the options. Your output should be in the following format: 
<thinking> {{YOUR_THOUGHT_PROCESS}} </thinking> 

<answer>
{YOUR_ANSWER}
</answer>",4 hours 10 minutes,"Regarding Mr. Miller, based on the findings from the CT scan of the chest and abdomen performed on 09/28/21, which of the following statements is TRUE?",5 hours 10 minutes,6 hours 10 minutes,4 hours 10 minutes,3 hours 50 minutes,C
patient_04_2,,"Please answer the question below about the following patient: ID patient_04, Name: Jill Anderson, Birthday: 1975-07-06 00:00:00, Diagnosis: Pancreatic cancer

<question>
Regarding her pancreatic condition, which procedure was Mrs. Anderson subjected to on 09/29/21?
</question>

<options>
Surgical port placement
Endoscopic ultrasound-guided FNA
Radiation therapy
Neoadjuvant chemotherapy with FOLFIRINOX
Thyroidectomy
</options>
You should first think step by step. Then give your final answer exactly as it appears in the options. Your output should be in the following format: 
<thinking> {{YOUR_THOUGHT_PROCESS}} </thinking> 

<answer>
{YOUR_ANSWER}
</answer>",Endoscopic ultrasound-guided FNA,"Regarding her pancreatic condition, which procedure was Mrs. Anderson subjected to on 09/29/21?",Surgical port placement,Endoscopic ultrasound-guided FNA,Radiation therapy,Neoadjuvant chemotherapy with FOLFIRINOX,B
patient_05_5,,"Please answer the question below about the following patient: ID patient_05, Name: John Miller, Birthday: 1961-07-04 00:00:00, Diagnosis: Cerebral glioblastoma

<question>
Regarding Mrs. Miller, what recommendation was given by the Interdisciplinary Neuro-oncological Tumor Board on 04/20/2020?
</question>

<options>
Initiation of radiotherapy
Further surgeries
Observation without treatment
Reinitiation of Temozolomide chemotherapy
Change in medication regimen
</options>
You should first think step by step. Then give your final answer exactly as it appears in the options. Your output should be in the following format: 
<thinking> {{YOUR_THOUGHT_PROCESS}} </thinking> 

<answer>
{YOUR_ANSWER}
</answer>",Reinitiation of Temozolomide chemotherapy,"Regarding Mrs. Miller, what recommendation was given by the Interdisciplinary Neuro-oncological Tumor Board on 04/20/2020?",Initiation of radiotherapy,Further surgeries,Observation without treatment,Reinitiation of Temozolomide chemotherapy,D
patient_07_6,,"Please answer the question below about the following patient: ID patient_07, Name: Linda Mayer, Birthday: 1948-12-01 00:00:00, Diagnosis: Breast carcinoma

<question>
Which laboratory parameter was elevated beyond the reference range upon Mrs. Linda Mayer's discharge in September 2019?
</question>

<options>
Total Bilirubin
Sodium
CRP
Potassium
Creatinine
</options>
You should first think step by step. Then give your final answer exactly as it appears in the options. Your output should be in the following format: 
<thinking> {{YOUR_THOUGHT_PROCESS}} </thinking> 

<answer>
{YOUR_ANSWER}
</answer>",CRP,Which laboratory parameter was elevated beyond the reference range upon Mrs. Linda Mayer's discharge in September 2019?,Total Bilirubin,Sodium,CRP,Potassium,C
patient_01_0,,"Please answer the question below about the following patient: ID patient_01, Name: Anna Sample, Birthday: 1970-01-01 00:00:00, Diagnosis: DLBCL

<question>
Which of the following is NOT part of the current treatment regimen for Mrs. Sample's DLBCL?
</question>

<options>
Polatuzumab vedotin
Rituximab
Cyclophosphamide
Vincristine
Doxorubicin
</options>
You should first think step by step. Then give your final answer exactly as it appears in the options. Your output should be in the following format: 
<thinking> {{YOUR_THOUGHT_PROCESS}} </thinking> 

<answer>
{YOUR_ANSWER}
</answer>",Vincristine,Which of the following is NOT part of the current treatment regimen for Mrs. Sample's DLBCL?,Polatuzumab vedotin,Rituximab,Cyclophosphamide,Vincristine,D
patient_06_2,,"Please answer the question below about the following patient: ID patient_06, Name: Paul Doe, Birthday: 1965-08-08 00:00:00, Diagnosis: Hypopharynx carcinoma

<question>
During the neck dissection, which nerve was meticulously preserved?
</question>

<options>
Vagus nerve
Glossopharyngeal nerve
Hypoglossal nerve
Facial nerve
Accessorius nerve
</options>
You should first think step by step. Then give your final answer exactly as it appears in the options. Your output should be in the following format: 
<thinking> {{YOUR_THOUGHT_PROCESS}} </thinking> 

<answer>
{YOUR_ANSWER}
</answer>",Hypoglossal nerve,"During the neck dissection, which nerve was meticulously preserved?",Vagus nerve,Glossopharyngeal nerve,Hypoglossal nerve,Facial nerve,C
patient_02_3,,"Please answer the question below about the following patient: ID patient_02, Name: Jane Done, Birthday: 1966-01-01 00:00:00, Diagnosis: Melanoma

<question>
When did Mrs. Done start Radiotherapy?
</question>

<options>
March 2020
January 2020
May 2020
Februrary 2020
June 2020
</options>
You should first think step by step. Then give your final answer exactly as it appears in the options. Your output should be in the following format: 
<thinking> {{YOUR_THOUGHT_PROCESS}} </thinking> 

<answer>
{YOUR_ANSWER}
</answer>",Februrary 2020,When did Mrs. Done start Radiotherapy?,March 2020,January 2020,May 2020,Februrary 2020,D
patient_01_3,,"Please answer the question below about the following patient: ID patient_01, Name: Anna Sample, Birthday: 1970-01-01 00:00:00, Diagnosis: DLBCL

<question>
Mrs. Sample takes Fingolimod. What is the dosis and when does the patient take it?
</question>

<options>
0.5 mg, 1 capsule in the morning
0.5 mg, 1 capsule at bedtime
50 mg, 1 capsule in the morning
35 mg, 1 capsule at bedtime
70 mg, 1 capsule in the morning
</options>
You should first think step by step. Then give your final answer exactly as it appears in the options. Your output should be in the following format: 
<thinking> {{YOUR_THOUGHT_PROCESS}} </thinking> 

<answer>
{YOUR_ANSWER}
</answer>","0.5 mg, 1 capsule at bedtime",Mrs. Sample takes Fingolimod. What is the dosis and when does the patient take it?,"0.5 mg, 1 capsule in the morning","0.5 mg, 1 capsule at bedtime","50 mg, 1 capsule in the morning","35 mg, 1 capsule at bedtime",B
patient_08_0,,"Please answer the question below about the following patient: ID patient_08, Name: Laura Miller, Birthday: 1967-03-04 00:00:00, Diagnosis: Liver cirrhosis

<question>
Which vertebrae were affected by osteoporotic sintering in Laura Miller's case?
</question>

<options>
L2 and Th8
L1 and Th9
L3 and Th7
L4 and Th6
L5 and Th5
</options>
You should first think step by step. Then give your final answer exactly as it appears in the options. Your output should be in the following format: 
<thinking> {{YOUR_THOUGHT_PROCESS}} </thinking> 

<answer>
{YOUR_ANSWER}
</answer>",L2 and Th8,Which vertebrae were affected by osteoporotic sintering in Laura Miller's case?,L2 and Th8,L1 and Th9,L3 and Th7,L4 and Th6,A
patient_01_15,,"Please answer the question below about the following patient: ID patient_01, Name: Anna Sample, Birthday: 1970-01-01 00:00:00, Diagnosis: DLBCL

<question>
Regarding the molecular pathology report, which of the following statements is true for Mrs. Sample? 
</question>

<options>
The sample shows evidence of t(14;18) translocation.
No clonal B-cell expansion was detected.
No evidence of t(14;18) translocation
The ligament sample showed evidence of tumor cells.
The epidural tumor was identified as a T-cell lymphoma.
</options>
You should first think step by step. Then give your final answer exactly as it appears in the options. Your output should be in the following format: 
<thinking> {{YOUR_THOUGHT_PROCESS}} </thinking> 

<answer>
{YOUR_ANSWER}
</answer>",No evidence of t(14;18) translocation,"Regarding the molecular pathology report, which of the following statements is true for Mrs. Sample?",The sample shows evidence of t(14;18) translocation.,No clonal B-cell expansion was detected.,No evidence of t(14;18) translocation,The ligament sample showed evidence of tumor cells.,C
patient_10_15,,"Please answer the question below about the following patient: ID patient_10, Name: Peter Rudolph, Birthday: 05/26/1954, Diagnosis: Renal cell carcinoma

<question>
Which surgical procedure did Mr. Rudolph undergo in February 2022?
</question>

<options>
Laparoscopic cholecystectomy
Alloplastic Incisional Hernia Repair
pTCA stenting
Nephroureterectomy
Ablation for atrial fibrillation
</options>
You should first think step by step. Then give your final answer exactly as it appears in the options. Your output should be in the following format: 
<thinking> {{YOUR_THOUGHT_PROCESS}} </thinking> 

<answer>
{YOUR_ANSWER}
</answer>",Alloplastic Incisional Hernia Repair,Which surgical procedure did Mr. Rudolph undergo in February 2022?,Laparoscopic cholecystectomy,Alloplastic Incisional Hernia Repair,pTCA stenting,Nephroureterectomy,B
patient_07_13,,"Please answer the question below about the following patient: ID patient_07, Name: Linda Mayer, Birthday: 1948-12-01 00:00:00, Diagnosis: Breast carcinoma

<question>
How long had Mrs. Linda Mayer been postmenopausal at the time of her diagnosis?
</question>

<options>
5 years
8 years
9 years
10 years
18 years
</options>
You should first think step by step. Then give your final answer exactly as it appears in the options. Your output should be in the following format: 
<thinking> {{YOUR_THOUGHT_PROCESS}} </thinking> 

<answer>
{YOUR_ANSWER}
</answer>",8 years,How long had Mrs. Linda Mayer been postmenopausal at the time of her diagnosis?,5 years,8 years,9 years,10 years,B
patient_06_13,,"Please answer the question below about the following patient: ID patient_06, Name: Paul Doe, Birthday: 1965-08-08 00:00:00, Diagnosis: Hypopharynx carcinoma

<question>
What was the date when Mr. Doe presented to the outpatient clinic for phoniatrics and pedaudiology?
</question>

<options>
10/10/2012
10/10/2013
10/10/2014
10/10/2015
10/10/2016
</options>
You should first think step by step. Then give your final answer exactly as it appears in the options. Your output should be in the following format: 
<thinking> {{YOUR_THOUGHT_PROCESS}} </thinking> 

<answer>
{YOUR_ANSWER}
</answer>",10/10/2014,What was the date when Mr. Doe presented to the outpatient clinic for phoniatrics and pedaudiology?,10/10/2012,10/10/2013,10/10/2014,10/10/2015,C
patient_10_10,,"Please answer the question below about the following patient: ID patient_10, Name: Peter Rudolph, Birthday: 05/26/1954, Diagnosis: Renal cell carcinoma

<question>
Which medication was NOT part of Mr. Rudolph's regimen upon discharge in 06/29/2021?
</question>

<options>
Aspirin
Bisoprolol
Pantoprazole
Prednisolone
Metformin
</options>
You should first think step by step. Then give your final answer exactly as it appears in the options. Your output should be in the following format: 
<thinking> {{YOUR_THOUGHT_PROCESS}} </thinking> 

<answer>
{YOUR_ANSWER}
</answer>",Metformin,Which medication was NOT part of Mr. Rudolph's regimen upon discharge in 06/29/2021?,Metformin,Bisoprolol,Pantoprazole,Prednisolone,A
patient_08_1,,"Please answer the question below about the following patient: ID patient_08, Name: Laura Miller, Birthday: 1967-03-04 00:00:00, Diagnosis: Liver cirrhosis

<question>
What additional finding was noted in Laura Miller's CT of the thoracic spine?
</question>

<options>
Kidney Stones
Liver Cirrhosis
Gallbladder Hydrops
Splenomegaly
Aortic sclerosis
</options>
You should first think step by step. Then give your final answer exactly as it appears in the options. Your output should be in the following format: 
<thinking> {{YOUR_THOUGHT_PROCESS}} </thinking> 

<answer>
{YOUR_ANSWER}
</answer>",Splenomegaly,What additional finding was noted in Laura Miller's CT of the thoracic spine?,Kidney Stones,Liver Cirrhosis,Gallbladder Hydrops,Splenomegaly,D
patient_03_12,,"Please answer the question below about the following patient: ID patient_03, Name: Mr. John Williams, Birthday: 1956-08-08 00:00:00, Diagnosis: Multiple Myeloma

<question>
Which of the following treatments did Mr. John Williams receive in August 2018?
</question>

<options>
Daratumumab, lenalidomide, and dexamethasone.
Radiation therapy to Th4 of the rib thorax.
VelDex due to impaired renal function.
Mobilization chemotherapy with cyclophosphamide.
Androgen blockade using Enantone for prostate carcinoma.
</options>
You should first think step by step. Then give your final answer exactly as it appears in the options. Your output should be in the following format: 
<thinking> {{YOUR_THOUGHT_PROCESS}} </thinking> 

<answer>
{YOUR_ANSWER}
</answer>",Radiation therapy to Th4 of the rib thorax.,Which of the following treatments did Mr. John Williams receive in August 2018?,"Daratumumab, lenalidomide, and dexamethasone.",Radiation therapy to Th4 of the rib thorax.,VelDex due to impaired renal function.,Mobilization chemotherapy with cyclophosphamide.,B
patient_09_3,,"Please answer the question below about the following patient: ID patient_09, Name: Paul Wells, Birthday: 1953-02-04 00:00:00, Diagnosis: Hepatocellular carcinoma

<question>
What was the liver fibrosis stage in Mr. Wells as per the report on 08/24/2019?
</question>

<options>
Stage 1
Stage 2
Stage 3
Stage 4
Not specified
</options>
You should first think step by step. Then give your final answer exactly as it appears in the options. Your output should be in the following format: 
<thinking> {{YOUR_THOUGHT_PROCESS}} </thinking> 

<answer>
{YOUR_ANSWER}
</answer>",Not specified,What was the liver fibrosis stage in Mr. Wells as per the report on 08/24/2019?,Not specified,Stage 2,Stage 3,Stage 4,A
patient_08_16,,"Please answer the question below about the following patient: ID patient_08, Name: Laura Miller, Birthday: 1967-03-04 00:00:00, Diagnosis: Liver cirrhosis

<question>
What finding was noted in the CT Thorax/Abdomen/Pelvis performed on 06/18/2020?
</question>

<options>
Bilateral small nodular opacities
Absence of pleural effusion
No signs of liver cirrhosis
Significant intestinal abnormalities
Bilateral minor pleural effusions
</options>
You should first think step by step. Then give your final answer exactly as it appears in the options. Your output should be in the following format: 
<thinking> {{YOUR_THOUGHT_PROCESS}} </thinking> 

<answer>
{YOUR_ANSWER}
</answer>",Bilateral minor pleural effusions,What finding was noted in the CT Thorax/Abdomen/Pelvis performed on 06/18/2020?,Bilateral minor pleural effusions,Absence of pleural effusion,No signs of liver cirrhosis,Significant intestinal abnormalities,A
patient_05_0,,"Please answer the question below about the following patient: ID patient_05, Name: John Miller, Birthday: 1961-07-04 00:00:00, Diagnosis: Cerebral glioblastoma

<question>
What was the initial presentation that led Mr. John Miller to be admitted?
</question>

<options>
Migraine
Loss of conciousness
Speech disturbances
Tremors
Seizures
</options>
You should first think step by step. Then give your final answer exactly as it appears in the options. Your output should be in the following format: 
<thinking> {{YOUR_THOUGHT_PROCESS}} </thinking> 

<answer>
{YOUR_ANSWER}
</answer>",Speech disturbances,What was the initial presentation that led Mr. John Miller to be admitted?,Migraine,Loss of conciousness,Speech disturbances,Tremors,C
patient_06_11,,"Please answer the question below about the following patient: ID patient_06, Name: Paul Doe, Birthday: 1965-08-08 00:00:00, Diagnosis: Hypopharynx carcinoma

<question>
Mr. Paul Doe's Hemoglobin level upon discharge in September 2021 was:
</question>

<options>
6.2 g/dL
8.2 g/dL
10.2 g/dL
12.2 g/dL
14.2 g/dL
</options>
You should first think step by step. Then give your final answer exactly as it appears in the options. Your output should be in the following format: 
<thinking> {{YOUR_THOUGHT_PROCESS}} </thinking> 

<answer>
{YOUR_ANSWER}
</answer>",8.2 g/dL,Mr. Paul Doe's Hemoglobin level upon discharge in September 2021 was:,6.2 g/dL,8.2 g/dL,10.2 g/dL,12.2 g/dL,B
patient_05_10,,"Please answer the question below about the following patient: ID patient_05, Name: John Miller, Birthday: 1961-07-04 00:00:00, Diagnosis: Cerebral glioblastoma

<question>
How many times was glioblastoma resection performed on Mr. John Miller by the reporting facility prior to 2021?
</question>

<options>
Once
Twice
Thrice
Four times
Never
</options>
You should first think step by step. Then give your final answer exactly as it appears in the options. Your output should be in the following format: 
<thinking> {{YOUR_THOUGHT_PROCESS}} </thinking> 

<answer>
{YOUR_ANSWER}
</answer>",Thrice,How many times was glioblastoma resection performed on Mr. John Miller by the reporting facility prior to 2021?,Once,Twice,Thrice,Four times,C
patient_09_15,,"Please answer the question below about the following patient: ID patient_09, Name: Paul Wells, Birthday: 1953-02-04 00:00:00, Diagnosis: Hepatocellular carcinoma

<question>
Regarding Mr. Wells, hat was the sequence of imaging tests conducted on 11/20/2020?
</question>

<options>
MRI Liver followed by CT Chest/Abdomen/Pelvis
Gastroscopy followed by MRI Liver
Colonoscopy followed by MRI Liver
MRI Liver followed by Gastroscopy
CT Chest/Abdomen/Pelvis followed by MRI Liver
</options>
You should first think step by step. Then give your final answer exactly as it appears in the options. Your output should be in the following format: 
<thinking> {{YOUR_THOUGHT_PROCESS}} </thinking> 

<answer>
{YOUR_ANSWER}
</answer>",MRI Liver followed by CT Chest/Abdomen/Pelvis,"Regarding Mr. Wells, hat was the sequence of imaging tests conducted on 11/20/2020?",MRI Liver followed by CT Chest/Abdomen/Pelvis,Gastroscopy followed by MRI Liver,Colonoscopy followed by MRI Liver,MRI Liver followed by Gastroscopy,A
patient_08_3,,"Please answer the question below about the following patient: ID patient_08, Name: Laura Miller, Birthday: 1967-03-04 00:00:00, Diagnosis: Liver cirrhosis

<question>
What was the classification of Laura Miller’s esophageal varices according to Sarin’s classification?
</question>

<options>
GOV1
GOV2
IGV1
IGV2
Not classified
</options>
You should first think step by step. Then give your final answer exactly as it appears in the options. Your output should be in the following format: 
<thinking> {{YOUR_THOUGHT_PROCESS}} </thinking> 

<answer>
{YOUR_ANSWER}
</answer>",GOV1,What was the classification of Laura Miller’s esophageal varices according to Sarin’s classification?,GOV1,GOV2,IGV1,IGV2,A
patient_07_0,,"Please answer the question below about the following patient: ID patient_07, Name: Linda Mayer, Birthday: 1948-12-01 00:00:00, Diagnosis: Breast carcinoma

<question>
Based on the tumor board decision from 07/12/2019, what is the recommended course of action if Mrs. Linda Mayer's BRCA testing returns negative?
</question>

<options>
Chemotherapy
Radiation therapy
Selective excision of the left breast after ultrasound-guided fine needle marking and sentinel lymph node biopsy
Immunotherapy
Hormone therapy
</options>
You should first think step by step. Then give your final answer exactly as it appears in the options. Your output should be in the following format: 
<thinking> {{YOUR_THOUGHT_PROCESS}} </thinking> 

<answer>
{YOUR_ANSWER}
</answer>",Selective excision of the left breast after ultrasound-guided fine needle marking and sentinel lymph node biopsy,"Based on the tumor board decision from 07/12/2019, what is the recommended course of action if Mrs. Linda Mayer's BRCA testing returns negative?",Chemotherapy,Radiation therapy,Selective excision of the left breast after ultrasound-guided fine needle marking and sentinel lymph node biopsy,Immunotherapy,C
patient_05_4,,"Please answer the question below about the following patient: ID patient_05, Name: John Miller, Birthday: 1961-07-04 00:00:00, Diagnosis: Cerebral glioblastoma

<question>
How much does Mr. Miller's Karnofsky Performance Score change over the course of therapy?
</question>

<options>
Decreases by 20%.
Decreases by 10%.
Decreases by 30%.
Increases by 10%.
No change.
</options>
You should first think step by step. Then give your final answer exactly as it appears in the options. Your output should be in the following format: 
<thinking> {{YOUR_THOUGHT_PROCESS}} </thinking> 

<answer>
{YOUR_ANSWER}
</answer>",Decreases by 10%.,How much does Mr. Miller's Karnofsky Performance Score change over the course of therapy?,Decreases by 20%.,Decreases by 10%.,Decreases by 30%.,Increases by 10%.,B
patient_01_18,,"Please answer the question below about the following patient: ID patient_01, Name: Anna Sample, Birthday: 1970-01-01 00:00:00, Diagnosis: DLBCL

<question>
Regarding laboratory findings in Mrs. Sample, which parameter was elevated beyond the reference range in january 2017?
</question>

<options>
Sodium
Potassium
Alkaline Phosphatase
Creatinine
Total Bilirubin
</options>
You should first think step by step. Then give your final answer exactly as it appears in the options. Your output should be in the following format: 
<thinking> {{YOUR_THOUGHT_PROCESS}} </thinking> 

<answer>
{YOUR_ANSWER}
</answer>",Alkaline Phosphatase,"Regarding laboratory findings in Mrs. Sample, which parameter was elevated beyond the reference range in january 2017?",Sodium,Potassium,Alkaline Phosphatase,Creatinine,C
patient_02_5,,"Please answer the question below about the following patient: ID patient_02, Name: Jane Done, Birthday: 1966-01-01 00:00:00, Diagnosis: Melanoma

<question>
What was the total duration of Mrs. Jane Done's hospital stay during her most recent admission?
</question>

<options>
11 days (02/18/2018 to 03/01/2018)
1 month (02-03-/20)
15 days (02/14/2022 to 03/01/2022)
24 days (05/ß2/20 - 05/26/20)
14 days (03/16/2021 - 03/30/2021)
</options>
You should first think step by step. Then give your final answer exactly as it appears in the options. Your output should be in the following format: 
<thinking> {{YOUR_THOUGHT_PROCESS}} </thinking> 

<answer>
{YOUR_ANSWER}
</answer>",15 days (02/14/2022 to 03/01/2022),What was the total duration of Mrs. Jane Done's hospital stay during her most recent admission?,11 days (02/18/2018 to 03/01/2018),1 month (02-03-/20),15 days (02/14/2022 to 03/01/2022),24 days (05/ß2/20 - 05/26/20),C
patient_04_19,,"Please answer the question below about the following patient: ID patient_04, Name: Jill Anderson, Birthday: 1975-07-06 00:00:00, Diagnosis: Pancreatic cancer

<question>
Which of the following medications was present during Mrs. Anderson's initial therapy but not at the time of the last discharge?
</question>

<options>
Lovenox
Paracetamol
Mirtazapine
Novalgin
Pancreatic enzymes
</options>
You should first think step by step. Then give your final answer exactly as it appears in the options. Your output should be in the following format: 
<thinking> {{YOUR_THOUGHT_PROCESS}} </thinking> 

<answer>
{YOUR_ANSWER}
</answer>",Lovenox,Which of the following medications was present during Mrs. Anderson's initial therapy but not at the time of the last discharge?,Lovenox,Paracetamol,Mirtazapine,Novalgin,A
patient_02_17,,"Please answer the question below about the following patient: ID patient_02, Name: Jane Done, Birthday: 1966-01-01 00:00:00, Diagnosis: Melanoma

<question>
During the Mrs. Done's stay from 10/23/2020 to 11/01/2020, which incident occurred on 10/28/2020?
</question>

<options>
The patient developed a drug exanthema.
The patient started Nivolumab and Ipilimumab therapy.
The patient had an unattended fall leading to a hematoma on the left forehead.
The patient was diagnosed with hydrocephalus.
The patient was diagnosed with empyema
</options>
You should first think step by step. Then give your final answer exactly as it appears in the options. Your output should be in the following format: 
<thinking> {{YOUR_THOUGHT_PROCESS}} </thinking> 

<answer>
{YOUR_ANSWER}
</answer>",The patient had an unattended fall leading to a hematoma on the left forehead.,"During the Mrs. Done's stay from 10/23/2020 to 11/01/2020, which incident occurred on 10/28/2020?",The patient developed a drug exanthema.,The patient started Nivolumab and Ipilimumab therapy.,The patient had an unattended fall leading to a hematoma on the left forehead.,The patient was diagnosed with hydrocephalus.,C
patient_08_14,,"Please answer the question below about the following patient: ID patient_08, Name: Laura Miller, Birthday: 1967-03-04 00:00:00, Diagnosis: Liver cirrhosis

<question>
Regarding Laura Miller, on which date was the ultrasound of the abdomen performed showing liver cirrhosis?
</question>

<options>
05/29/2020
06/30/2020
06/04/2020
06/06/2020
05/27/2020
</options>
You should first think step by step. Then give your final answer exactly as it appears in the options. Your output should be in the following format: 
<thinking> {{YOUR_THOUGHT_PROCESS}} </thinking> 

<answer>
{YOUR_ANSWER}
</answer>",05/27/2020,"Regarding Laura Miller, on which date was the ultrasound of the abdomen performed showing liver cirrhosis?",05/27/2020,06/30/2020,06/04/2020,06/06/2020,A
patient_07_16,,"Please answer the question below about the following patient: ID patient_07, Name: Linda Mayer, Birthday: 1948-12-01 00:00:00, Diagnosis: Breast carcinoma

<question>
What were the tumor resection margins for Mrs. Mayer's right breast surgery?
</question>

<options>
Ventral 0.2 cm, Caudal 0.3 cm, Dorsal 0.5 cm
Ventral 0.15 cm, Caudal 0.2 cm, Dorsal 0.4 cm
Ventral 0.1 cm, Caudal 0.2 cm, Dorsal 0.3 cm
Ventral 0.25 cm, Caudal 0.3 cm, Dorsal 0.5 cm
Ventral 0.2 cm, Caudal 0.25 cm, Dorsal 0.45 cm
</options>
You should first think step by step. Then give your final answer exactly as it appears in the options. Your output should be in the following format: 
<thinking> {{YOUR_THOUGHT_PROCESS}} </thinking> 

<answer>
{YOUR_ANSWER}
</answer>","Ventral 0.15 cm, Caudal 0.2 cm, Dorsal 0.4 cm",What were the tumor resection margins for Mrs. Mayer's right breast surgery?,"Ventral 0.2 cm, Caudal 0.3 cm, Dorsal 0.5 cm","Ventral 0.15 cm, Caudal 0.2 cm, Dorsal 0.4 cm","Ventral 0.1 cm, Caudal 0.2 cm, Dorsal 0.3 cm","Ventral 0.25 cm, Caudal 0.3 cm, Dorsal 0.5 cm",B
patient_04_4,,"Please answer the question below about the following patient: ID patient_04, Name: Jill Anderson, Birthday: 1975-07-06 00:00:00, Diagnosis: Pancreatic cancer

<question>
What recommendation was made by the Gastrointestinal Tumor Board on September 30th, 2021 regarding Mrs. Anderson's treatment?
</question>

<options>
Immediate surgery to remove the tumor.
Start radiation therapy immediately.
Begin neoadjuvant chemotherapy with FOLFIRINOX and review after 4 cycles.
Wait for final histology and then decide the treatment plan.
Perform another ERCP.
</options>
You should first think step by step. Then give your final answer exactly as it appears in the options. Your output should be in the following format: 
<thinking> {{YOUR_THOUGHT_PROCESS}} </thinking> 

<answer>
{YOUR_ANSWER}
</answer>",Begin neoadjuvant chemotherapy with FOLFIRINOX and review after 4 cycles.,"What recommendation was made by the Gastrointestinal Tumor Board on September 30th, 2021 regarding Mrs. Anderson's treatment?",Immediate surgery to remove the tumor.,Start radiation therapy immediately.,Begin neoadjuvant chemotherapy with FOLFIRINOX and review after 4 cycles.,Wait for final histology and then decide the treatment plan.,C
patient_08_18,,"Please answer the question below about the following patient: ID patient_08, Name: Laura Miller, Birthday: 1967-03-04 00:00:00, Diagnosis: Liver cirrhosis

<question>
Which medication was not ascertainably part of Mrs. Miller's regimen?
</question>

<options>
Blood pressure medication
Osteoporosis medication
Anticoagulation medication
Pain relief medication
Antibiotics
</options>
You should first think step by step. Then give your final answer exactly as it appears in the options. Your output should be in the following format: 
<thinking> {{YOUR_THOUGHT_PROCESS}} </thinking> 

<answer>
{YOUR_ANSWER}
</answer>",Anticoagulation medication,Which medication was not ascertainably part of Mrs. Miller's regimen?,Blood pressure medication,Osteoporosis medication,Anticoagulation medication,Pain relief medication,C
patient_02_4,,"Please answer the question below about the following patient: ID patient_02, Name: Jane Done, Birthday: 1966-01-01 00:00:00, Diagnosis: Melanoma

<question>
Upon the discharge of Mrs. Done,  which of the lab values were outside the reference ranges?
</question>

<options>
all values were in reference range
low TSH
low Platelets
low Hemoglobin(11.5 g/dL, normal range 12-16 g/dL)
Gamma-GT (GGT): 75 U/l
</options>
You should first think step by step. Then give your final answer exactly as it appears in the options. Your output should be in the following format: 
<thinking> {{YOUR_THOUGHT_PROCESS}} </thinking> 

<answer>
{YOUR_ANSWER}
</answer>",all values were in reference range,"Upon the discharge of Mrs. Done,  which of the lab values were outside the reference ranges?",all values were in reference range,low TSH,low Platelets,"low Hemoglobin(11.5 g/dL, normal range 12-16 g/dL)",A
patient_10_5,,"Please answer the question below about the following patient: ID patient_10, Name: Peter Rudolph, Birthday: 05/26/1954, Diagnosis: Renal cell carcinoma

<question>
What antibiotic was used in Mr. Rudolph for antibacterial prophylaxis during the ureterorenoscopy?
</question>

<options>
Cefalexin
Amoxicillin
Ampicillin/Sulbactam
Meropenem
Piperacillin/Tazobactam
</options>
You should first think step by step. Then give your final answer exactly as it appears in the options. Your output should be in the following format: 
<thinking> {{YOUR_THOUGHT_PROCESS}} </thinking> 

<answer>
{YOUR_ANSWER}
</answer>",Ampicillin/Sulbactam,What antibiotic was used in Mr. Rudolph for antibacterial prophylaxis during the ureterorenoscopy?,Cefalexin,Amoxicillin,Ampicillin/Sulbactam,Meropenem,C
patient_04_12,,"Please answer the question below about the following patient: ID patient_04, Name: Jill Anderson, Birthday: 1975-07-06 00:00:00, Diagnosis: Pancreatic cancer

<question>
Discuss the rationale behind the shift from neoadjuvant FOLFIRINOX therapy to gemcitabine/nab-paclitaxel in Mrs. Anderson.
</question>

<options>
FOLFIRINOX was not available.
Patient showed allergic reactions to FOLFIRINOX.
FOLFIRINOX was given as palliative therapy.
Disease progression despite neoadjuvant FOLFIRINOX therapy.
The tumor showed specific markers making it more receptive to gemcitabine/nab-paclitaxel.
</options>
You should first think step by step. Then give your final answer exactly as it appears in the options. Your output should be in the following format: 
<thinking> {{YOUR_THOUGHT_PROCESS}} </thinking> 

<answer>
{YOUR_ANSWER}
</answer>",Disease progression despite neoadjuvant FOLFIRINOX therapy.,Discuss the rationale behind the shift from neoadjuvant FOLFIRINOX therapy to gemcitabine/nab-paclitaxel in Mrs. Anderson.,FOLFIRINOX was not available.,Patient showed allergic reactions to FOLFIRINOX.,FOLFIRINOX was given as palliative therapy.,Disease progression despite neoadjuvant FOLFIRINOX therapy.,D
patient_02_15,,"Please answer the question below about the following patient: ID patient_02, Name: Jane Done, Birthday: 1966-01-01 00:00:00, Diagnosis: Melanoma

<question>
Regarding Mrs. Done, what histopathological diagnosis was provided for the excised melanoma on 02/23/2018?
</question>

<options>
Benign melanocytic nevus
Atypical melanocytic proliferation
Exophytic, ulcerated malignant melanoma with a tumor thickness of 5 mm
Exophytic, ulcerated malignant melanoma with a tumor thickness of at least 15 mm
Intraepidermal melanoma without invasion
</options>
You should first think step by step. Then give your final answer exactly as it appears in the options. Your output should be in the following format: 
<thinking> {{YOUR_THOUGHT_PROCESS}} </thinking> 

<answer>
{YOUR_ANSWER}
</answer>","Exophytic, ulcerated malignant melanoma with a tumor thickness of at least 15 mm","Regarding Mrs. Done, what histopathological diagnosis was provided for the excised melanoma on 02/23/2018?",Benign melanocytic nevus,Atypical melanocytic proliferation,"Exophytic, ulcerated malignant melanoma with a tumor thickness of 5 mm","Exophytic, ulcerated malignant melanoma with a tumor thickness of at least 15 mm",D
patient_07_9,,"Please answer the question below about the following patient: ID patient_07, Name: Linda Mayer, Birthday: 1948-12-01 00:00:00, Diagnosis: Breast carcinoma

<question>
In the histopathological examination of the skin spindle from Mrs. Linda Mayer's mammary right scar, what was not found?
</question>

<options>
Multilayered keratinizing squamous epithelium
Fibrosis and chronic inflammation
Atypical epithelial infiltrates
Mononuclear-dominated inflammatory infiltrates
Proliferation of collagenous connective tissue
</options>
You should first think step by step. Then give your final answer exactly as it appears in the options. Your output should be in the following format: 
<thinking> {{YOUR_THOUGHT_PROCESS}} </thinking> 

<answer>
{YOUR_ANSWER}
</answer>",Atypical epithelial infiltrates,"In the histopathological examination of the skin spindle from Mrs. Linda Mayer's mammary right scar, what was not found?",Multilayered keratinizing squamous epithelium,Fibrosis and chronic inflammation,Atypical epithelial infiltrates,Mononuclear-dominated inflammatory infiltrates,C
patient_03_15,,"Please answer the question below about the following patient: ID patient_03, Name: Mr. John Williams, Birthday: 1956-08-08 00:00:00, Diagnosis: Multiple Myeloma

<question>
Based on the provided information, which of the following treatment combinations was Mr. Williams on, specifically targeting his diagnosis of Multiple Myeloma?
</question>

<options>
Velcade, Dexamethasone, and Enantone.
Velcade, Daratumumab, and Bondronate.
Velcade, Dexamethasone, and Lenalidomide.
Velcade, Cotrim forte, and Novalgin.
Velcade, Daratumumab, and Clexane.
</options>
You should first think step by step. Then give your final answer exactly as it appears in the options. Your output should be in the following format: 
<thinking> {{YOUR_THOUGHT_PROCESS}} </thinking> 

<answer>
{YOUR_ANSWER}
</answer>","Velcade, Dexamethasone, and Lenalidomide.","Based on the provided information, which of the following treatment combinations was Mr. Williams on, specifically targeting his diagnosis of Multiple Myeloma?","Velcade, Dexamethasone, and Enantone.","Velcade, Daratumumab, and Bondronate.","Velcade, Dexamethasone, and Lenalidomide.","Velcade, Cotrim forte, and Novalgin.",C
patient_08_9,,"Please answer the question below about the following patient: ID patient_08, Name: Laura Miller, Birthday: 1967-03-04 00:00:00, Diagnosis: Liver cirrhosis

<question>
What significant change was observed in Laura Miller's condition leading to the liver board decision on 08/21/2020?
</question>

<options>
Development of new esophageal varices
Progression of multifocal HCC
Complications from variceal banding
Improvement of liver function with alcohol abstinence
Deterioration of nutritional status
</options>
You should first think step by step. Then give your final answer exactly as it appears in the options. Your output should be in the following format: 
<thinking> {{YOUR_THOUGHT_PROCESS}} </thinking> 

<answer>
{YOUR_ANSWER}
</answer>",Improvement of liver function with alcohol abstinence,What significant change was observed in Laura Miller's condition leading to the liver board decision on 08/21/2020?,Development of new esophageal varices,Progression of multifocal HCC,Complications from variceal banding,Improvement of liver function with alcohol abstinence,D
patient_05_11,,"Please answer the question below about the following patient: ID patient_05, Name: John Miller, Birthday: 1961-07-04 00:00:00, Diagnosis: Cerebral glioblastoma

<question>
Which area showed a notable reduction in the barrier disturbance in Mr. Miller's cMRI scan from 06/02/2021?
</question>

<options>
Right parietal lobe
Left basal ganglia
Right-sided basal ganglia
Left frontal lobe
Right cerebellum
</options>
You should first think step by step. Then give your final answer exactly as it appears in the options. Your output should be in the following format: 
<thinking> {{YOUR_THOUGHT_PROCESS}} </thinking> 

<answer>
{YOUR_ANSWER}
</answer>",Right-sided basal ganglia,Which area showed a notable reduction in the barrier disturbance in Mr. Miller's cMRI scan from 06/02/2021?,Right parietal lobe,Left basal ganglia,Right-sided basal ganglia,Left frontal lobe,C
patient_07_2,,"Please answer the question below about the following patient: ID patient_07, Name: Linda Mayer, Birthday: 1948-12-01 00:00:00, Diagnosis: Breast carcinoma

<question>
What is the Ki67 labeling index percentage noted in Mrs. Linda Mayer's left breast carcinoma diagnosis?
</question>

<options>
12%
15%
17%
2%
Not specified.
</options>
You should first think step by step. Then give your final answer exactly as it appears in the options. Your output should be in the following format: 
<thinking> {{YOUR_THOUGHT_PROCESS}} </thinking> 

<answer>
{YOUR_ANSWER}
</answer>",15%,What is the Ki67 labeling index percentage noted in Mrs. Linda Mayer's left breast carcinoma diagnosis?,12%,15%,17%,2%,B
patient_04_17,,"Please answer the question below about the following patient: ID patient_04, Name: Jill Anderson, Birthday: 1975-07-06 00:00:00, Diagnosis: Pancreatic cancer

<question>
Based on the pathology report from 07/26/2023, which of the following findings was NOT present in Mrs. Anderson's liquid sample?
</question>

<options>
Red blood cells
Atypical cells in clusters
Evidence of a fungal infection
Many granulocytes
Active mesothelium
</options>
You should first think step by step. Then give your final answer exactly as it appears in the options. Your output should be in the following format: 
<thinking> {{YOUR_THOUGHT_PROCESS}} </thinking> 

<answer>
{YOUR_ANSWER}
</answer>",Evidence of a fungal infection,"Based on the pathology report from 07/26/2023, which of the following findings was NOT present in Mrs. Anderson's liquid sample?",Red blood cells,Atypical cells in clusters,Evidence of a fungal infection,Many granulocytes,C
patient_06_3,,"Please answer the question below about the following patient: ID patient_06, Name: Paul Doe, Birthday: 1965-08-08 00:00:00, Diagnosis: Hypopharynx carcinoma

<question>
In Paul Doe's frozen section report, what feature was NOT observed in the tumor cells?
</question>

<options>
Intercellular bridges
Enlarged nuclei
Nuclear pleomorphism
Presence of large vacuoles
Dyskeratosis
</options>
You should first think step by step. Then give your final answer exactly as it appears in the options. Your output should be in the following format: 
<thinking> {{YOUR_THOUGHT_PROCESS}} </thinking> 

<answer>
{YOUR_ANSWER}
</answer>",Presence of large vacuoles,"In Paul Doe's frozen section report, what feature was NOT observed in the tumor cells?",Intercellular bridges,Enlarged nuclei,Nuclear pleomorphism,Presence of large vacuoles,D
patient_07_4,,"Please answer the question below about the following patient: ID patient_07, Name: Linda Mayer, Birthday: 1948-12-01 00:00:00, Diagnosis: Breast carcinoma

<question>
As per Mrs. Mayer's surgical report, what complication was encountered during the VAC change?
</question>

<options>
Hemorrhage
Infection
Extracapsular spread of the tumor
Adhesion formation
Anaphylactic reaction to anesthesia
</options>
You should first think step by step. Then give your final answer exactly as it appears in the options. Your output should be in the following format: 
<thinking> {{YOUR_THOUGHT_PROCESS}} </thinking> 

<answer>
{YOUR_ANSWER}
</answer>",Infection,"As per Mrs. Mayer's surgical report, what complication was encountered during the VAC change?",Hemorrhage,Infection,Extracapsular spread of the tumor,Adhesion formation,B
patient_07_10,,"Please answer the question below about the following patient: ID patient_07, Name: Linda Mayer, Birthday: 1948-12-01 00:00:00, Diagnosis: Breast carcinoma

<question>
Which medication that was used to manage Linda Mayer's pain in July 2019 was not listed in the medication regimen in January 2021?
</question>

<options>
Tramadol/Naloxone (Ultram)
Acetaminophen (Tylenol)
Prednisolone (Prelone)
Naloxone (Narcan)
Acyclovir (Zovirax)
</options>
You should first think step by step. Then give your final answer exactly as it appears in the options. Your output should be in the following format: 
<thinking> {{YOUR_THOUGHT_PROCESS}} </thinking> 

<answer>
{YOUR_ANSWER}
</answer>",Tramadol/Naloxone (Ultram),Which medication that was used to manage Linda Mayer's pain in July 2019 was not listed in the medication regimen in January 2021?,Tramadol/Naloxone (Ultram),Acetaminophen (Tylenol),Prednisolone (Prelone),Naloxone (Narcan),A
patient_04_6,,"Please answer the question below about the following patient: ID patient_04, Name: Jill Anderson, Birthday: 1975-07-06 00:00:00, Diagnosis: Pancreatic cancer

<question>
In Mrs. Anderson's CT scan from September 28, 2021, what was noted about the mass in the head of the pancreas?
</question>

<options>
A hypodense mass measuring 34 x 28 mm.
It had direct contact with the liver.
It was >180° around the superior mesenteric artery.
No dilation of the pancreatic duct was observed.
None of the above.
</options>
You should first think step by step. Then give your final answer exactly as it appears in the options. Your output should be in the following format: 
<thinking> {{YOUR_THOUGHT_PROCESS}} </thinking> 

<answer>
{YOUR_ANSWER}
</answer>",A hypodense mass measuring 34 x 28 mm.,"In Mrs. Anderson's CT scan from September 28, 2021, what was noted about the mass in the head of the pancreas?",A hypodense mass measuring 34 x 28 mm.,It had direct contact with the liver.,It was >180° around the superior mesenteric artery.,No dilation of the pancreatic duct was observed.,A
patient_01_10,,"Please answer the question below about the following patient: ID patient_01, Name: Anna Sample, Birthday: 1970-01-01 00:00:00, Diagnosis: DLBCL

<question>
It was decided that the Mrs. Sample’s current medication for multiple sclerosis should be changed. Which of the following statements is correct?
</question>

<options>
On the 02/24/2017, an ambulatory physician recommended to indefinitely replace Fingolimod with Rituximab.
During a consultation with an ambulatory physician, it was recommended to temporarily discontinue the current medication for multiple sclerosis, as the therapy for the patients DLBCL is also an effective treatment.
After brain MRI the treatment was paused as there were no signs of active disease. It was recommended to continue treatment if symptoms would come back.
The primary neurologist recommended to discontinue the current treatment and start an alternative medication with Fingolimod.
It was recommended to discontinue the current therapy regime because of possible adverse interactions with chemotherapy.
</options>
You should first think step by step. Then give your final answer exactly as it appears in the options. Your output should be in the following format: 
<thinking> {{YOUR_THOUGHT_PROCESS}} </thinking> 

<answer>
{YOUR_ANSWER}
</answer>","During a consultation with an ambulatory physician, it was recommended to temporarily discontinue the current medication for multiple sclerosis, as the therapy for the patients DLBCL is also an effective treatment.",It was decided that the Mrs. Sample’s current medication for multiple sclerosis should be changed. Which of the following statements is correct?,"On the 02/24/2017, an ambulatory physician recommended to indefinitely replace Fingolimod with Rituximab.","During a consultation with an ambulatory physician, it was recommended to temporarily discontinue the current medication for multiple sclerosis, as the therapy for the patients DLBCL is also an effective treatment.",After brain MRI the treatment was paused as there were no signs of active disease. It was recommended to continue treatment if symptoms would come back.,The primary neurologist recommended to discontinue the current treatment and start an alternative medication with Fingolimod.,B
patient_06_7,,"Please answer the question below about the following patient: ID patient_06, Name: Paul Doe, Birthday: 1965-08-08 00:00:00, Diagnosis: Hypopharynx carcinoma

<question>
In relation to Mr. Doe's radiotherapy in 2015, how many Gy was each session?
</question>

<options>
1 Gy
2 Gy
3 Gy
4 Gy
5 Gy
</options>
You should first think step by step. Then give your final answer exactly as it appears in the options. Your output should be in the following format: 
<thinking> {{YOUR_THOUGHT_PROCESS}} </thinking> 

<answer>
{YOUR_ANSWER}
</answer>",2 Gy,"In relation to Mr. Doe's radiotherapy in 2015, how many Gy was each session?",1 Gy,2 Gy,3 Gy,4 Gy,B
patient_10_14,,"Please answer the question below about the following patient: ID patient_10, Name: Peter Rudolph, Birthday: 05/26/1954, Diagnosis: Renal cell carcinoma

<question>
What medication was Mr. Rudolph prescribed upon last admission?
</question>

<options>
Aspirin, Bisoprolol, Pantoprazole
Prednisolone, Aspirin, Bisoprolol
Pantoprazole, Prednisolone, Nivolumab
Aspirin, Bisoprolol
Nivolumab, Pantoprazole, Bisoprolol
</options>
You should first think step by step. Then give your final answer exactly as it appears in the options. Your output should be in the following format: 
<thinking> {{YOUR_THOUGHT_PROCESS}} </thinking> 

<answer>
{YOUR_ANSWER}
</answer>","Aspirin, Bisoprolol",What medication was Mr. Rudolph prescribed upon last admission?,"Aspirin, Bisoprolol, Pantoprazole","Prednisolone, Aspirin, Bisoprolol","Pantoprazole, Prednisolone, Nivolumab","Aspirin, Bisoprolol",D
patient_05_18,,"Please answer the question below about the following patient: ID patient_05, Name: John Miller, Birthday: 1961-07-04 00:00:00, Diagnosis: Cerebral glioblastoma

<question>
Which of these developments in Mr. Miller's treatment occurred on 02/2021?
</question>

<options>
Repeat stereotactic RTx
New FLAIR-positive tumor manifestation insular on the right side
Glioblastoma resection
Start of radiochemotherapy
Wound revision and flap plasty
</options>
You should first think step by step. Then give your final answer exactly as it appears in the options. Your output should be in the following format: 
<thinking> {{YOUR_THOUGHT_PROCESS}} </thinking> 

<answer>
{YOUR_ANSWER}
</answer>",New FLAIR-positive tumor manifestation insular on the right side,Which of these developments in Mr. Miller's treatment occurred on 02/2021?,Repeat stereotactic RTx,New FLAIR-positive tumor manifestation insular on the right side,Glioblastoma resection,Start of radiochemotherapy,B
